use myshoppos


delete from function_lst
 INSERT [function_lst] ( [keymap_value] , [fun] , [hzfun] ) VALUES ( 8 , 'FunBks              ' , '退格                ' )
 INSERT [function_lst] ( [keymap_value] , [fun] , [hzfun] ) VALUES ( 10 , 'FunEnter            ' , '确认                ' )
 INSERT [function_lst] ( [keymap_value] , [fun] , [hzfun] ) VALUES ( 34 , 'FunVipCard          ' , '会员卡              ' )
 INSERT [function_lst] ( [keymap_value] , [fun] , [hzfun] ) VALUES ( 36 , 'FunPrint            ' , '实时打印小票开关    ' )
 INSERT [function_lst] ( [keymap_value] , [fun] , [hzfun] ) VALUES ( 37 , 'FunVgBank           ' , '联名卡              ' )
 INSERT [function_lst] ( [keymap_value] , [fun] , [hzfun] ) VALUES ( 38 , 'FunBlankTran        ' , '整单取消            ' )
 INSERT [function_lst] ( [keymap_value] , [fun] , [hzfun] ) VALUES ( 40 , 'Funwaiter           ' , '营业员输入          ' )
 INSERT [function_lst] ( [keymap_value] , [fun] , [hzfun] ) VALUES ( 41 , 'FunDiscMoney        ' , '金额折扣            ' )
 INSERT [function_lst] ( [keymap_value] , [fun] , [hzfun] ) VALUES ( 43 , 'FunLastPrint        ' , '重打上一单          ' )
 INSERT [function_lst] ( [keymap_value] , [fun] , [hzfun] ) VALUES ( 46 , 'Fun_PERIOD          ' , '.                   ' )
 INSERT [function_lst] ( [keymap_value] , [fun] , [hzfun] ) VALUES ( 48 , 'Fun_0               ' , '0                   ' )
 INSERT [function_lst] ( [keymap_value] , [fun] , [hzfun] ) VALUES ( 49 , 'Fun_1               ' , '1                   ' )
 INSERT [function_lst] ( [keymap_value] , [fun] , [hzfun] ) VALUES ( 50 , 'Fun_2               ' , '2                   ' )
 INSERT [function_lst] ( [keymap_value] , [fun] , [hzfun] ) VALUES ( 51 , 'Fun_3               ' , '3                   ' )
 INSERT [function_lst] ( [keymap_value] , [fun] , [hzfun] ) VALUES ( 52 , 'Fun_4               ' , '4                   ' )
 INSERT [function_lst] ( [keymap_value] , [fun] , [hzfun] ) VALUES ( 53 , 'Fun_5               ' , '5                   ' )
 INSERT [function_lst] ( [keymap_value] , [fun] , [hzfun] ) VALUES ( 54 , 'Fun_6               ' , '6                   ' )
 INSERT [function_lst] ( [keymap_value] , [fun] , [hzfun] ) VALUES ( 55 , 'Fun_7               ' , '7                   ' )
 INSERT [function_lst] ( [keymap_value] , [fun] , [hzfun] ) VALUES ( 56 , 'Fun_8               ' , '8                   ' )
 INSERT [function_lst] ( [keymap_value] , [fun] , [hzfun] ) VALUES ( 57 , 'Fun_9               ' , '9                   ' )
 INSERT [function_lst] ( [keymap_value] , [fun] , [hzfun] ) VALUES ( 58 , 'FunOrder            ' , '预订                ' )
 INSERT [function_lst] ( [keymap_value] , [fun] , [hzfun] ) VALUES ( 60 , 'FunIncrCash         ' , '入款                ' )
 INSERT [function_lst] ( [keymap_value] , [fun] , [hzfun] ) VALUES ( 62 , 'FunDecrCash         ' , '出款                ' )
 INSERT [function_lst] ( [keymap_value] , [fun] , [hzfun] ) VALUES ( 63 , 'FunRetPay           ' , '退款                ' )
 INSERT [function_lst] ( [keymap_value] , [fun] , [hzfun] ) VALUES ( 66 , 'FunAmount           ' , '数量                ' )
 INSERT [function_lst] ( [keymap_value] , [fun] , [hzfun] ) VALUES ( 67 , 'FunVoid             ' , '更正                ' )
 INSERT [function_lst] ( [keymap_value] , [fun] , [hzfun] ) VALUES ( 68 , 'FunStock            ' , '代币券              ' )
 INSERT [function_lst] ( [keymap_value] , [fun] , [hzfun] ) VALUES ( 69 , 'FunCheque           ' , '支票                ' )
 INSERT [function_lst] ( [keymap_value] , [fun] , [hzfun] ) VALUES ( 70 , 'FunReturn           ' , '退货                ' )
 INSERT [function_lst] ( [keymap_value] , [fun] , [hzfun] ) VALUES ( 71 , 'FunCash             ' , '现金结算            ' )
 INSERT [function_lst] ( [keymap_value] , [fun] , [hzfun] ) VALUES ( 72 , 'FunHold             ' , '挂单                ' )
 INSERT [function_lst] ( [keymap_value] , [fun] , [hzfun] ) VALUES ( 73 , 'FunQuickVoid        ' , '即更                ' )
 INSERT [function_lst] ( [keymap_value] , [fun] , [hzfun] ) VALUES ( 74 , 'FunVanguard         ' , '储值卡              ' )
 INSERT [function_lst] ( [keymap_value] , [fun] , [hzfun] ) VALUES ( 75 , 'FunCredit           ' , '银行卡              ' )
 INSERT [function_lst] ( [keymap_value] , [fun] , [hzfun] ) VALUES ( 76 , 'FunDeli             ' , '送货                ' )
 INSERT [function_lst] ( [keymap_value] , [fun] , [hzfun] ) VALUES ( 77 , 'FunAltPrice         ' , '变价                ' )
 INSERT [function_lst] ( [keymap_value] , [fun] , [hzfun] ) VALUES ( 78 , 'FunNewP             ' , '改密码              ' )
 INSERT [function_lst] ( [keymap_value] , [fun] , [hzfun] ) VALUES ( 79 , 'FunTotal            ' , '合计                ' )
 INSERT [function_lst] ( [keymap_value] , [fun] , [hzfun] ) VALUES ( 80 , 'FunSubtotal         ' , '小计                ' )
 INSERT [function_lst] ( [keymap_value] , [fun] , [hzfun] ) VALUES ( 81 , 'FunStoG             ' , '超市柜组转换        ' )
 INSERT [function_lst] ( [keymap_value] , [fun] , [hzfun] ) VALUES ( 82 , 'FunEsc              ' , '退出                ' )
 INSERT [function_lst] ( [keymap_value] , [fun] , [hzfun] ) VALUES ( 84 , 'FunLock             ' , '加锁/解锁           ' )
 INSERT [function_lst] ( [keymap_value] , [fun] , [hzfun] ) VALUES ( 85 , 'FunHKD              ' , '港币                ' )
 INSERT [function_lst] ( [keymap_value] , [fun] , [hzfun] ) VALUES ( 86 , 'FunRMB              ' , '人民币              ' )
 INSERT [function_lst] ( [keymap_value] , [fun] , [hzfun] ) VALUES ( 87 , 'FunUSD              ' , '美圆                ' )
 INSERT [function_lst] ( [keymap_value] , [fun] , [hzfun] ) VALUES ( 88 , 'FunClear            ' , '清除                ' )
 INSERT [function_lst] ( [keymap_value] , [fun] , [hzfun] ) VALUES ( 89 , 'FunCancel           ' , '放弃                ' )
 INSERT [function_lst] ( [keymap_value] , [fun] , [hzfun] ) VALUES ( 90 , 'FunGroup            ' , '柜组                ' )
 INSERT [function_lst] ( [keymap_value] , [fun] , [hzfun] ) VALUES ( 91 , 'FunFind             ' , '查询价格            ' )
 INSERT [function_lst] ( [keymap_value] , [fun] , [hzfun] ) VALUES ( 92 , 'FunGoodsQuery       ' , '商品查询            ' )
 INSERT [function_lst] ( [keymap_value] , [fun] , [hzfun] ) VALUES ( 94 , 'FunGreenCard        ' , '绿卡处理            ' )
 INSERT [function_lst] ( [keymap_value] , [fun] , [hzfun] ) VALUES ( 95 , 'FunRoup             ' , '拍卖                ' )
 INSERT [function_lst] ( [keymap_value] , [fun] , [hzfun] ) VALUES ( 121 , 'ICCARD_WITHDRAW     ' , 'IC卡退货            ' )
 INSERT [function_lst] ( [keymap_value] , [fun] , [hzfun] ) VALUES ( 122 , 'ALTVALUE            ' , '地磅修改            ' )
 INSERT [function_lst] ( [keymap_value] , [fun] , [hzfun] ) VALUES ( 123 , 'FunDiscount         ' , '单项折扣            ' )
 INSERT [function_lst] ( [keymap_value] , [fun] , [hzfun] ) VALUES ( 124 , 'FunOffLine          ' , '联/单机切换         ' )
 INSERT [function_lst] ( [keymap_value] , [fun] , [hzfun] ) VALUES ( 125 , 'FunDiscTotal        ' , '总额折扣            ' )
 INSERT [function_lst] ( [keymap_value] , [fun] , [hzfun] ) VALUES ( 126 , 'Fun_SHOWCASHBOX     ' , '收款检查            ' )
 INSERT [function_lst] ( [keymap_value] , [fun] , [hzfun] ) VALUES ( 127 , 'FunICCARD           ' , 'IC卡                ' )
 INSERT [function_lst] ( [keymap_value] , [fun] , [hzfun] ) VALUES ( 128 , 'F                   ' , '饼券                ' )
 INSERT [function_lst] ( [keymap_value] , [fun] , [hzfun] ) VALUES ( 200 , 'FunBiZero           ' , '00                  ' )
 INSERT [function_lst] ( [keymap_value] , [fun] , [hzfun] ) VALUES ( 96 , 'FunClear            ' , '打印清机单          ' )

--------------------
  delete from power_lst
  delete from right_lst

 INSERT [right_lst] ( [power_id] , [name] ) VALUES ( 1 , '无意义         ' )
 INSERT [right_lst] ( [power_id] , [name] ) VALUES ( 38 , '整单取消       ' )
 INSERT [right_lst] ( [power_id] , [name] ) VALUES ( 41 , '金额折扣       ' )
 INSERT [right_lst] ( [power_id] , [name] ) VALUES ( 43 , '重打上一单     ' )
 INSERT [right_lst] ( [power_id] , [name] ) VALUES ( 60 , '入款           ' )
 INSERT [right_lst] ( [power_id] , [name] ) VALUES ( 62 , '出款           ' )
 INSERT [right_lst] ( [power_id] , [name] ) VALUES ( 67 , '更正           ' )
 INSERT [right_lst] ( [power_id] , [name] ) VALUES ( 70 , '退货           ' )
 INSERT [right_lst] ( [power_id] , [name] ) VALUES ( 72 , '挂单           ' )
 INSERT [right_lst] ( [power_id] , [name] ) VALUES ( 73 , '即更           ' )
 INSERT [right_lst] ( [power_id] , [name] ) VALUES ( 77 , '变价           ' )
 INSERT [right_lst] ( [power_id] , [name] ) VALUES ( 91 , '查询商品价格   ' )
 INSERT [right_lst] ( [power_id] , [name] ) VALUES ( 95 , '拍卖           ' )
 INSERT [right_lst] ( [power_id] , [name] ) VALUES ( 123 , '单品折扣       ' )
 INSERT [right_lst] ( [power_id] , [name] ) VALUES ( 124 , '联/单机切换    ' )
 INSERT [right_lst] ( [power_id] , [name] ) VALUES ( 125 , '总额折扣       ' )
 INSERT [right_lst] ( [power_id] , [name] ) VALUES ( 126 , '收款检查       ' )

 INSERT [power_lst] ( [levelID] , [power_id] , [name] ) VALUES ( 1 , 38 , '-       ' )
 INSERT [power_lst] ( [levelID] , [power_id] , [name] ) VALUES ( 1 , 41 , '-       ' )
 INSERT [power_lst] ( [levelID] , [power_id] , [name] ) VALUES ( 1 , 43 , '-       ' )
 INSERT [power_lst] ( [levelID] , [power_id] , [name] ) VALUES ( 1 , 60 , '-       ' )
 INSERT [power_lst] ( [levelID] , [power_id] , [name] ) VALUES ( 1 , 62 , '-       ' )
 INSERT [power_lst] ( [levelID] , [power_id] , [name] ) VALUES ( 1 , 67 , '-       ' )
 INSERT [power_lst] ( [levelID] , [power_id] , [name] ) VALUES ( 1 , 70 , '-       ' )
 INSERT [power_lst] ( [levelID] , [power_id] , [name] ) VALUES ( 1 , 72 , '-       ' )
 INSERT [power_lst] ( [levelID] , [power_id] , [name] ) VALUES ( 1 , 73 , '-       ' )
 INSERT [power_lst] ( [levelID] , [power_id] , [name] ) VALUES ( 1 , 77 , '-       ' )
 INSERT [power_lst] ( [levelID] , [power_id] , [name] ) VALUES ( 1 , 91 , '-       ' )
 INSERT [power_lst] ( [levelID] , [power_id] , [name] ) VALUES ( 1 , 95 , '-       ' )
 INSERT [power_lst] ( [levelID] , [power_id] , [name] ) VALUES ( 1 , 123 , '-       ' )
 INSERT [power_lst] ( [levelID] , [power_id] , [name] ) VALUES ( 1 , 124 , '-       ' )
 INSERT [power_lst] ( [levelID] , [power_id] , [name] ) VALUES ( 1 , 125 , '-       ' )
 INSERT [power_lst] ( [levelID] , [power_id] , [name] ) VALUES ( 1 , 126 , '-       ' )
 INSERT [power_lst] ( [levelID] , [power_id] , [name] ) VALUES ( 2 , 1 , '-       ' )
 INSERT [power_lst] ( [levelID] , [power_id] , [name] ) VALUES ( 2 , 38 , '-       ' )
 INSERT [power_lst] ( [levelID] , [power_id] , [name] ) VALUES ( 2 , 70 , '-       ' )


 ---------------------

 delete from pos_para
 INSERT [pos_para] ( [para] , [val] , [notes] ) VALUES ( 'AltPrice_NLIMIT ' , 'OFF                                                             ' , '变价幅度不受限制                                                ' )
 INSERT [pos_para] ( [para] , [val] , [notes] ) VALUES ( 'AMOUNT1         ' , '1                                                               ' , '每单联机交易后可上送的脱机流水单数                              ' )
 INSERT [pos_para] ( [para] , [val] , [notes] ) VALUES ( 'AMOUNT2         ' , '1                                                               ' , '每次空闲时可发送脱机流水的单数                                  ' )
 INSERT [pos_para] ( [para] , [val] , [notes] ) VALUES ( 'AUTH_AltMoney   ' , 'OFF                                                             ' , '金额折让是否需要授权                                            ' )
 INSERT [pos_para] ( [para] , [val] , [notes] ) VALUES ( 'AUTH_AltPrice   ' , 'ON                                                              ' , '变价是否需要授权                                                ' )
 INSERT [pos_para] ( [para] , [val] , [notes] ) VALUES ( 'AUTH_BLANKTRAN  ' , 'ON                                                              ' , '整单取消是否需要授权                                            ' )
 INSERT [pos_para] ( [para] , [val] , [notes] ) VALUES ( 'AUTH_DiscMoney  ' , 'ON                                                              ' , '金额折扣是否需要授权                                            ' )
 INSERT [pos_para] ( [para] , [val] , [notes] ) VALUES ( 'AUTH_Discount   ' , 'ON                                                              ' , '单项折扣是否需要授权                                            ' )
 INSERT [pos_para] ( [para] , [val] , [notes] ) VALUES ( 'AUTH_DiscTotal  ' , 'ON                                                              ' , '总额折扣是否需要授权                                            ' )
 INSERT [pos_para] ( [para] , [val] , [notes] ) VALUES ( 'AUTH_LASTPRINT  ' , 'OFF                                                             ' , '重打上一单是否需要授权                                          ' )
 INSERT [pos_para] ( [para] , [val] , [notes] ) VALUES ( 'AUTH_PRNREPORT  ' , 'OFF                                                             ' , '打印报表是否需要授权                                            ' )
 INSERT [pos_para] ( [para] , [val] , [notes] ) VALUES ( 'AUTH_Return     ' , 'ON                                                              ' , '退货是否需要授权                                                ' )
 INSERT [pos_para] ( [para] , [val] , [notes] ) VALUES ( 'AUTH_SECONDNET  ' , 'ON                                                              ' , '启用备份网络是否需要授权                                        ' )
 INSERT [pos_para] ( [para] , [val] , [notes] ) VALUES ( 'AUTH_VOIDITEM   ' , 'ON                                                              ' , '更正需要授权                                                    ' )
 INSERT [pos_para] ( [para] , [val] , [notes] ) VALUES ( 'AUTODIAL        ' , 'ON                                                              ' , '提货卡是否预拔号?                                               ' )
 INSERT [pos_para] ( [para] , [val] , [notes] ) VALUES ( 'CARD_NAME       ' , '提货卡                                                          ' , '提货卡名称设置                                                  ' )
 INSERT [pos_para] ( [para] , [val] , [notes] ) VALUES ( 'CARDBAK_IP      ' , '168.161.1.1                                                     ' , '卡通信备份IP地址                                                ' )
 INSERT [pos_para] ( [para] , [val] , [notes] ) VALUES ( 'CARDHOST_IP     ' , '168.161.1.1                                                     ' , '卡通信主机IP地址                                                ' )
 INSERT [pos_para] ( [para] , [val] , [notes] ) VALUES ( 'CARDNO_ENCRYPT  ' , 'OFF                                                             ' , '是否卡号加密                                                    ' )
 INSERT [pos_para] ( [para] , [val] , [notes] ) VALUES ( 'CASH_BAUDRATE   ' , '9600                                                            ' , '钱箱波特率                                                      ' )
 INSERT [pos_para] ( [para] , [val] , [notes] ) VALUES ( 'CASH_BYTESIZE   ' , '8                                                               ' , '钱箱位数                                                        ' )
 INSERT [pos_para] ( [para] , [val] , [notes] ) VALUES ( 'CASH_DRIVERNAME ' , 'drv/RSCashDrawer_TM_U210                                        ' , '钱箱驱动                                                        ' )
 INSERT [pos_para] ( [para] , [val] , [notes] ) VALUES ( 'CASH_FYCLASS    ' , 'com.royalstone.pos.services.factories.RSServiceInstanceFactory  ' , '钱箱工厂类                                                      ' )
 INSERT [pos_para] ( [para] , [val] , [notes] ) VALUES ( 'CASH_PARITY     ' , '0                                                               ' , '钱箱奇偶校验码                                                  ' )
 INSERT [pos_para] ( [para] , [val] , [notes] ) VALUES ( 'CASH_PORTNAME   ' , 'COM1                                                            ' , '钱箱COM口                                                       ' )
 INSERT [pos_para] ( [para] , [val] , [notes] ) VALUES ( 'CASH_SERCLASS   ' , 'com.royalstone.pos.services.POSCashDrawer                       ' , '钱箱服务类                                                      ' )
 INSERT [pos_para] ( [para] , [val] , [notes] ) VALUES ( 'CASH_STOPBITS   ' , '0                                                               ' , '钱箱停止位                                                      ' )
 INSERT [pos_para] ( [para] , [val] , [notes] ) VALUES ( 'CD_TYPE         ' , 'ORSDRAW                                                         ' , 'POS机钱箱类型?                                                  ' )
 INSERT [pos_para] ( [para] , [val] , [notes] ) VALUES ( 'CHANGE_PRICE    ' , 'ON                                                              ' , '基本码商品退货时是否需要变价                                    ' )
 INSERT [pos_para] ( [para] , [val] , [notes] ) VALUES ( 'CHK_CLOSE_DRAW  ' , 'OFF                                                             ' , '是否检查钱箱关闭状态[OFF]                                       ' )
 INSERT [pos_para] ( [para] , [val] , [notes] ) VALUES ( 'CLEAR_POS       ' , 'ON                                                              ' , '收银员是否可以打印清机单                                        ' )
 INSERT [pos_para] ( [para] , [val] , [notes] ) VALUES ( 'COUPON_CHECK    ' , 'OFF                                                             ' , '是否需要校验代币券号                                            ' )
 INSERT [pos_para] ( [para] , [val] , [notes] ) VALUES ( 'CUTLINES        ' , '2                                                               ' , 'POS打印机的切纸位置                                             ' )
 INSERT [pos_para] ( [para] , [val] , [notes] ) VALUES ( 'DISCOUNT_LAST   ' , 'OFF                                                             ' , '单品折扣只对最后一次扫入的商品                                  ' )
 INSERT [pos_para] ( [para] , [val] , [notes] ) VALUES ( 'DISCROUND_SCHEMA' , 'ON                                                              ' , '折让金额是否舍分                                                ' )
 INSERT [pos_para] ( [para] , [val] , [notes] ) VALUES ( 'DISP_BAUDRATE   ' , '9600                                                            ' , '客显屏波特率                                                    ' )
 INSERT [pos_para] ( [para] , [val] , [notes] ) VALUES ( 'DISP_BYTESIZE   ' , '8                                                               ' , '客显屏位数                                                      ' )
 INSERT [pos_para] ( [para] , [val] , [notes] ) VALUES ( 'DISP_DRIVERNAME ' , 'drv/RSVFD41_BA63G                                               ' , '客显屏驱动                                                      ' )
 INSERT [pos_para] ( [para] , [val] , [notes] ) VALUES ( 'DISP_FYCLASS    ' , 'com.royalstone.pos.services.factories.RSServiceInstanceFactory  ' , '客显屏工厂类                                                    ' )
 INSERT [pos_para] ( [para] , [val] , [notes] ) VALUES ( 'DISP_PARITY     ' , '1                                                               ' , '客显屏奇偶校验码                                                ' )
 INSERT [pos_para] ( [para] , [val] , [notes] ) VALUES ( 'DISP_PORTNAME   ' , 'COM4                                                            ' , '客显屏COM口                                                     ' )
 INSERT [pos_para] ( [para] , [val] , [notes] ) VALUES ( 'DISP_SERCLASS   ' , 'com.royalstone.pos.services.CustDisplay                         ' , '客显屏服务类                                                    ' )
 INSERT [pos_para] ( [para] , [val] , [notes] ) VALUES ( 'DISP_STOPBITS   ' , '0                                                               ' , '客显屏停止位                                                    ' )
 INSERT [pos_para] ( [para] , [val] , [notes] ) VALUES ( 'EMPTY_OPEN_DRAW ' , 'OFF                                                             ' , '是否允许空单开钱箱?                                             ' )
 INSERT [pos_para] ( [para] , [val] , [notes] ) VALUES ( 'EXE_DRIVER      ' , 'OFF                                                             ' , '是否EXE方式驱动                                                 ' )
 INSERT [pos_para] ( [para] , [val] , [notes] ) VALUES ( 'GOODSNO_VERIFY  ' , 'ON                                                              ' , 'ANSI13销售条码是否需要校验？                                    ' )
 INSERT [pos_para] ( [para] , [val] , [notes] ) VALUES ( 'HANGMAX         ' , '2                                                               ' , '最大允许挂单数                                                  ' )
 INSERT [pos_para] ( [para] , [val] , [notes] ) VALUES ( 'HD1_INFO        ' , '融通公司店                                                      ' , '小票打印头1:长度不超过13个汉字或26个字母                        ' )
 INSERT [pos_para] ( [para] , [val] , [notes] ) VALUES ( 'HD2_INFO        ' , 'WELCOME Royalstone SHOP                                         ' , '小票打印头2                                                     ' )
 INSERT [pos_para] ( [para] , [val] , [notes] ) VALUES ( 'HINT_AMOUNT     ' , '1000000                                                         ' , '单品提示数量                                                    ' )
 INSERT [pos_para] ( [para] , [val] , [notes] ) VALUES ( 'HINT_MONEY      ' , '1000000                                                         ' , '单品提示金额                                                    ' )
 INSERT [pos_para] ( [para] , [val] , [notes] ) VALUES ( 'IC_COMNO        ' , '0                                                               ' , 'ic卡读卡器连接的串口号                                          ' )
 INSERT [pos_para] ( [para] , [val] , [notes] ) VALUES ( 'ICPINLEN        ' , '7                                                               ' , 'IC卡卡号长度                                                    ' )
 INSERT [pos_para] ( [para] , [val] , [notes] ) VALUES ( 'ICPINSTART      ' , '64                                                              ' , 'IC卡卡号开始地址                                                ' )
 INSERT [pos_para] ( [para] , [val] , [notes] ) VALUES ( 'IF_CHECK_AUTH   ' , 'ON                                                              ' , '查机是否需要授权                                                ' )
 INSERT [pos_para] ( [para] , [val] , [notes] ) VALUES ( 'IF_COUPN_RET    ' , '                                                                ' , '是否代币券找零                                                  ' )
 INSERT [pos_para] ( [para] , [val] , [notes] ) VALUES ( 'IF_CUT_ZERO     ' , 'OFF                                                             ' , '是否对条码前缀进行去零操作？                                    ' )
 INSERT [pos_para] ( [para] , [val] , [notes] ) VALUES ( 'IF_DECR_AUTH    ' , 'ON                                                              ' , '出款是否需要授权                                                ' )
 INSERT [pos_para] ( [para] , [val] , [notes] ) VALUES ( 'IF_DISP_PROM    ' , 'ON                                                              ' , '打印小票时是否显示所优惠的金额                                  ' )
 INSERT [pos_para] ( [para] , [val] , [notes] ) VALUES ( 'if_EscOpenDraw  ' , 'ON                                                              ' , '退出时开钱箱                                                    ' )
 INSERT [pos_para] ( [para] , [val] , [notes] ) VALUES ( 'IF_HD_VGCD      ' , 'OFF                                                             ' , '是否允许手工输入储值卡卡号                                      ' )
 INSERT [pos_para] ( [para] , [val] , [notes] ) VALUES ( 'IF_INCR_AUTH    ' , 'ON                                                              ' , '入款是否需要授权                                                ' )
 INSERT [pos_para] ( [para] , [val] , [notes] ) VALUES ( 'IF_PRN_BM       ' , 'ON                                                              ' , '出入款打印是否说明为备用金                                      ' )
 INSERT [pos_para] ( [para] , [val] , [notes] ) VALUES ( 'IF_USE_VIP      ' , 'OFF                                                             ' , '是否使用数据库对会员卡进行校验？                                ' )
 INSERT [pos_para] ( [para] , [val] , [notes] ) VALUES ( 'IFAUTH_CRPS     ' , 'ON                                                              ' , '打印清机单是否需要授权                                          ' )
 INSERT [pos_para] ( [para] , [val] , [notes] ) VALUES ( 'IFIC_ISVD       ' , 'OFF                                                             ' , '是否IC储值卡                                                    ' )
 INSERT [pos_para] ( [para] , [val] , [notes] ) VALUES ( 'in_TaxTitle_line' , '0                                                               ' , '税票抬头中间的空白行数                                          ' )
 INSERT [pos_para] ( [para] , [val] , [notes] ) VALUES ( 'INTERVAL        ' , '7                                                               ' , '单机资料下载周期                                                ' )
 INSERT [pos_para] ( [para] , [val] , [notes] ) VALUES ( 'ISFASTLOAD      ' , 'OFF                                                             ' , '商品数量是否小于8000                                            ' )
 INSERT [pos_para] ( [para] , [val] , [notes] ) VALUES ( 'ISREALTIME      ' , 'ON                                                              ' , '是否联机实时查询数据                                            ' )
 INSERT [pos_para] ( [para] , [val] , [notes] ) VALUES ( 'LEN_MEMBER      ' , '13                                                              ' , '会员卡长度?                                                     ' )
 INSERT [pos_para] ( [para] , [val] , [notes] ) VALUES ( 'MAXAMOUNT       ' , '10000000                                                        ' , '每笔最大允许商品数量                                            ' )
 INSERT [pos_para] ( [para] , [val] , [notes] ) VALUES ( 'MAXCASH         ' , '1000000                                                         ' , '每单最大允许销售额                                              ' )
 INSERT [pos_para] ( [para] , [val] , [notes] ) VALUES ( 'MaxCashAmount   ' , '10000                                                           ' , '收款机最大现金量                                                ' )
 INSERT [pos_para] ( [para] , [val] , [notes] ) VALUES ( 'MAXDENOMINATION ' , '1000                                                            ' , '最大的货币面额                                                  ' )
 INSERT [pos_para] ( [para] , [val] , [notes] ) VALUES ( 'MAXITEM         ' , '70                                                              ' , '每单最大允许条目数                                              ' )
 INSERT [pos_para] ( [para] , [val] , [notes] ) VALUES ( 'MAXVALUE        ' , '1000000                                                         ' , '每笔最大允许商品价值                                            ' )
 INSERT [pos_para] ( [para] , [val] , [notes] ) VALUES ( 'MBERPOINT_FLAG  ' , 'ON                                                              ' , '会员价是否积分                                                  ' )
 INSERT [pos_para] ( [para] , [val] , [notes] ) VALUES ( 'MEM_PORT        ' , '4004                                                            ' , '会员卡端口号                                                    ' )
 INSERT [pos_para] ( [para] , [val] , [notes] ) VALUES ( 'MEMCARD_VERIFY  ' , 'ON                                                              ' , '会员卡是否需要校验?                                             ' )
 INSERT [pos_para] ( [para] , [val] , [notes] ) VALUES ( 'MEMCD_HD_CHECK  ' , 'OFF                                                             ' , '是否允许手工输入会员卡的卡号                                    ' )
 INSERT [pos_para] ( [para] , [val] , [notes] ) VALUES ( 'MONEYCODE_UNIT  ' , '100                                                             ' , '金额码中金额单位                                                ' )
 INSERT [pos_para] ( [para] , [val] , [notes] ) VALUES ( 'OFF_VFD         ' , 'OFF                                                             ' , '强制单独屏蔽客显                                                ' )
 INSERT [pos_para] ( [para] , [val] , [notes] ) VALUES ( 'POINT_MIN_MONEY ' , '0                                                               ' , '积分下线金额                                                    ' )
 INSERT [pos_para] ( [para] , [val] , [notes] ) VALUES ( 'POINT_ROUNDING  ' , 'OFF                                                             ' , '积分是否四舍五入                                                ' )
 INSERT [pos_para] ( [para] , [val] , [notes] ) VALUES ( 'PORT            ' , '4002                                                            ' , 'backpos的守护端口号                                             ' )
 INSERT [pos_para] ( [para] , [val] , [notes] ) VALUES ( 'POSTYPE         ' , 'IBM                                                             ' , 'POS机类型                                                       ' )
 INSERT [pos_para] ( [para] , [val] , [notes] ) VALUES ( 'PREPRN_HEAD     ' , 'OFF                                                             ' , '是否提前打印小票头                                              ' )
 INSERT [pos_para] ( [para] , [val] , [notes] ) VALUES ( 'PRICE_FLAG      ' , 'ON                                                              ' , '基本码商品是否允许输入单价                                      ' )
 INSERT [pos_para] ( [para] , [val] , [notes] ) VALUES ( 'PRICE_PORT      ' , '4001                                                            ' , 'BACKPRICE的守护端口号                                           ' )
 INSERT [pos_para] ( [para] , [val] , [notes] ) VALUES ( 'PRINT_CURPOINT  ' , 'ON                                                              ' , '是否实时打印积分                                                ' )
 INSERT [pos_para] ( [para] , [val] , [notes] ) VALUES ( 'PRINT_ONLINE    ' , 'ON                                                              ' , '是否实时打印?                                                   ' )
 INSERT [pos_para] ( [para] , [val] , [notes] ) VALUES ( 'PRINT_SUMPOINT  ' , 'OFF                                                             ' , '是否打印上日累计积分                                            ' )
 INSERT [pos_para] ( [para] , [val] , [notes] ) VALUES ( 'PRINT_TALCOUNT  ' , 'OFF                                                             ' , '是否要打印商品数量合计                                          ' )
 INSERT [pos_para] ( [para] , [val] , [notes] ) VALUES ( 'PRN_BAUDRATE    ' , '9600                                                            ' , '打印机波特率                                                    ' )
 INSERT [pos_para] ( [para] , [val] , [notes] ) VALUES ( 'PRN_BYTESIZE    ' , '8                                                               ' , '打印机位数                                                      ' )
 INSERT [pos_para] ( [para] , [val] , [notes] ) VALUES ( 'PRN_CARD_DETAIL ' , 'OFF                                                             ' , '是否打印储值卡底单                                              ' )
 INSERT [pos_para] ( [para] , [val] , [notes] ) VALUES ( 'PRN_DRIVERNAME  ' , 'drv/RSPrinter41_TM_U210                                         ' , '打印机驱动                                                      ' )
 INSERT [pos_para] ( [para] , [val] , [notes] ) VALUES ( 'PRN_FYCLASS     ' , 'com.royalstone.pos.services.factories.RSServiceInstanceFactory  ' , '打印机工厂类                                                    ' )
 INSERT [pos_para] ( [para] , [val] , [notes] ) VALUES ( 'PRN_GROUPNO     ' , 'OFF                                                             ' , '储值卡底单打印部门                                              ' )
 INSERT [pos_para] ( [para] , [val] , [notes] ) VALUES ( 'PRN_PARITY      ' , '0                                                               ' , '打印机奇偶校验码                                                ' )
 INSERT [pos_para] ( [para] , [val] , [notes] ) VALUES ( 'PRN_PORTNAME    ' , 'COM1                                                            ' , '打印机COM口                                                     ' )
 INSERT [pos_para] ( [para] , [val] , [notes] ) VALUES ( 'PRN_SERCLASS    ' , 'com.royalstone.pos.services.POSPrinter                          ' , '打印机服务类                                                    ' )
 INSERT [pos_para] ( [para] , [val] , [notes] ) VALUES ( 'PRN_STOPBITS    ' , '0                                                               ' , '打印机停止位                                                    ' )
 INSERT [pos_para] ( [para] , [val] , [notes] ) VALUES ( 'PRN_TYPE        ' , 'ORSPR4                                                          ' , 'POS机打印机类型?                                                ' )
 INSERT [pos_para] ( [para] , [val] , [notes] ) VALUES ( 'PRNDetail_NFLAG ' , 'OFF                                                             ' , '打印储值卡底单不受实时打印开关限制                              ' )
 INSERT [pos_para] ( [para] , [val] , [notes] ) VALUES ( 'PROMACCU_FLAG   ' , 'ON                                                              ' , '促销折让商品是否积分?                                           ' )
 INSERT [pos_para] ( [para] , [val] , [notes] ) VALUES ( 'PROMPOINT_FLAG  ' , 'ON                                                              ' , '促销商品是否积分                                                ' )
 INSERT [pos_para] ( [para] , [val] , [notes] ) VALUES ( 'RADIX_TYPE      ' , 'ON                                                              ' , '前台是否需要输入小数点？                                        ' )
 INSERT [pos_para] ( [para] , [val] , [notes] ) VALUES ( 'RANDOM_LISTNO   ' , 'OFF                                                             ' , '流水号是否随机产生                                              ' )
 INSERT [pos_para] ( [para] , [val] , [notes] ) VALUES ( 'RETURN_SAVECARD ' , 'OFF                                                             ' , '是否允许退储值卡                                                ' )
 INSERT [pos_para] ( [para] , [val] , [notes] ) VALUES ( 'ROUNDING_SCHEMA ' , 'OFF                                                             ' , '称重商品取位：从分->角                                          ' )
 INSERT [pos_para] ( [para] , [val] , [notes] ) VALUES ( 'SAVE_PORT       ' , '4006                                                            ' , '储值卡分店守护端口号                                            ' )
 INSERT [pos_para] ( [para] , [val] , [notes] ) VALUES ( 'SERIAL_FLAG     ' , 'ON                                                              ' , '是否打印商品序号                                                ' )
 INSERT [pos_para] ( [para] , [val] , [notes] ) VALUES ( 'SHC_WITHDRAW    ' , 'ON                                                              ' , '储值卡是否允许退货                                              ' )
 INSERT [pos_para] ( [para] , [val] , [notes] ) VALUES ( 'SHOW_GOODSNO    ' , 'OFF                                                             ' , '是否显示商品条码                                                ' )
 INSERT [pos_para] ( [para] , [val] , [notes] ) VALUES ( 'SHOW_PLU        ' , 'OFF                                                             ' , '是否显示商品输入码                                              ' )
 INSERT [pos_para] ( [para] , [val] , [notes] ) VALUES ( 'SHOW_VGNO       ' , 'OFF                                                             ' , '是否显示商品编码                                                ' )
 INSERT [pos_para] ( [para] , [val] , [notes] ) VALUES ( 'TALROUND_SCHEMA ' , 'OFF                                                             ' , '总收银额是否直接去分                                            ' )
 INSERT [pos_para] ( [para] , [val] , [notes] ) VALUES ( 'Taxitem_oneline ' , 'OFF                                                             ' , '税票上商品是否打印一行                                          ' )
 INSERT [pos_para] ( [para] , [val] , [notes] ) VALUES ( 'TaxTitle_twoline' , 'OFF                                                             ' , '税票抬头是否打印两行                                            ' )
 INSERT [pos_para] ( [para] , [val] , [notes] ) VALUES ( 'TG_CARDTYPE     ' , '                                                                ' , '团购卡卡类型                                                    ' )
 INSERT [pos_para] ( [para] , [val] , [notes] ) VALUES ( 'TIMES           ' , '2                                                               ' , '隔多少秒空闲时间可发送脱机流水单                                ' )
 INSERT [pos_para] ( [para] , [val] , [notes] ) VALUES ( 'TL1_INFO        ' , '欢迎再次光临--服务电话:8888888                                  ' , '小票打印尾1                                                     ' )
 INSERT [pos_para] ( [para] , [val] , [notes] ) VALUES ( 'TL2_INFO        ' , '请保留电脑小票，作为退换货凭证                                  ' , '小票打印尾2                                                     ' )
 INSERT [pos_para] ( [para] , [val] , [notes] ) VALUES ( 'TL3_INFO        ' , '                                                                ' , '小票打印尾3                                                     ' )
 INSERT [pos_para] ( [para] , [val] , [notes] ) VALUES ( 'TOTAL_LINE      ' , 'OFF                                                             ' , '合计前加横线                                                    ' )
 INSERT [pos_para] ( [para] , [val] , [notes] ) VALUES ( 'TOTAL_PRN       ' , 'OFF                                                             ' , '是否打印统计项                                                  ' )
 INSERT [pos_para] ( [para] , [val] , [notes] ) VALUES ( 'TOTAL_TITLE     ' , '兑换赠券金额合计                                                ' , '统计项打印标题                                                  ' )
 INSERT [pos_para] ( [para] , [val] , [notes] ) VALUES ( 'TOTAL_TYPE      ' , 'CRVD                                                            ' , '统计项支付类型                                                  ' )
 INSERT [pos_para] ( [para] , [val] , [notes] ) VALUES ( 'TOTAL_UNSALE    ' , 'OFF                                                             ' , '合计后不允许扫商品                                              ' )
 INSERT [pos_para] ( [para] , [val] , [notes] ) VALUES ( 'TX_FLAG         ' , 'OFF                                                             ' , '特殊显示开关                                                    ' )
 INSERT [pos_para] ( [para] , [val] , [notes] ) VALUES ( 'USE_2CARD       ' , 'OFF                                                             ' , '是否IC卡和磁条卡同时使用                                        ' )
 INSERT [pos_para] ( [para] , [val] , [notes] ) VALUES ( 'USE_TWO_DISC    ' , 'ON                                                              ' , '是否变价和单项折扣同时使用                                      ' )
 INSERT [pos_para] ( [para] , [val] , [notes] ) VALUES ( 'VFD_COM         ' , 'COM4                                                            ' , '顾客显示屏串口号                                                ' )
 INSERT [pos_para] ( [para] , [val] , [notes] ) VALUES ( 'VFD_TYPE        ' , 'ORSVFD                                                          ' , 'POS机顾客显示屏类型?                                            ' )
 INSERT [pos_para] ( [para] , [val] , [notes] ) VALUES ( 'VGBOTTOM        ' , '10                                                              ' , '储值卡使用金额底限                                              ' )
 INSERT [pos_para] ( [para] , [val] , [notes] ) VALUES ( 'VGNO_AUTO_ADD0  ' , 'ON                                                              ' , '商品编码自动补零                                                ' )
 INSERT [pos_para] ( [para] , [val] , [notes] ) VALUES ( 'VS_DEFPWD       ' , '                                                                ' , '储值代币券默认密码                                              ' )
 INSERT [pos_para] ( [para] , [val] , [notes] ) VALUES ( 'VS_RET_MAX      ' , '                                                                ' , '储值代币券找零限额                                              ' )
 INSERT [pos_para] ( [para] , [val] , [notes] ) VALUES ( 'VS_STYLE        ' , '                                                                ' , '储值代币券格式                                                  ' )
 INSERT [pos_para] ( [para] , [val] , [notes] ) VALUES ( 'WEL_INFO        ' , 'CRC SHOP                                                        ' , '小票抬头欢迎词                                                  ' )
 INSERT [pos_para] ( [para] , [val] , [notes] ) VALUES ( 'CASH_LIMIT      ' , '1000                                                            ' , '钱箱金额上限                                                    ' )

--------------------------------------------------
delete from pos_ini
 INSERT [pos_ini] ( [posgroup] , [para] , [val] ) VALUES ( 'BASIC   ' , 'AltPrice_NLIMIT ' , 'ON                                                              ' )
 INSERT [pos_ini] ( [posgroup] , [para] , [val] ) VALUES ( 'BASIC   ' , 'AMOUNT1         ' , '1                                                               ' )
 INSERT [pos_ini] ( [posgroup] , [para] , [val] ) VALUES ( 'BASIC   ' , 'AMOUNT2         ' , '1                                                               ' )
 INSERT [pos_ini] ( [posgroup] , [para] , [val] ) VALUES ( 'BASIC   ' , 'AUTH_AltMoney   ' , 'OFF                                                             ' )
 INSERT [pos_ini] ( [posgroup] , [para] , [val] ) VALUES ( 'BASIC   ' , 'AUTH_AltPrice   ' , 'ON                                                              ' )
 INSERT [pos_ini] ( [posgroup] , [para] , [val] ) VALUES ( 'BASIC   ' , 'AUTH_BLANKTRAN  ' , 'ON                                                              ' )
 INSERT [pos_ini] ( [posgroup] , [para] , [val] ) VALUES ( 'BASIC   ' , 'AUTH_DiscMoney  ' , 'OFF                                                             ' )
 INSERT [pos_ini] ( [posgroup] , [para] , [val] ) VALUES ( 'BASIC   ' , 'AUTH_Discount   ' , 'OFF                                                             ' )
 INSERT [pos_ini] ( [posgroup] , [para] , [val] ) VALUES ( 'BASIC   ' , 'AUTH_DiscTotal  ' , 'OFF                                                             ' )
 INSERT [pos_ini] ( [posgroup] , [para] , [val] ) VALUES ( 'BASIC   ' , 'AUTH_LASTPRINT  ' , 'ON                                                              ' )
 INSERT [pos_ini] ( [posgroup] , [para] , [val] ) VALUES ( 'BASIC   ' , 'AUTH_PRNREPORT  ' , 'OFF                                                             ' )
 INSERT [pos_ini] ( [posgroup] , [para] , [val] ) VALUES ( 'BASIC   ' , 'AUTH_Return     ' , 'OFF                                                             ' )
 INSERT [pos_ini] ( [posgroup] , [para] , [val] ) VALUES ( 'BASIC   ' , 'AUTH_SECONDNET  ' , 'ON                                                              ' )
 INSERT [pos_ini] ( [posgroup] , [para] , [val] ) VALUES ( 'BASIC   ' , 'AUTH_VOIDITEM   ' , 'ON                                                              ' )
 INSERT [pos_ini] ( [posgroup] , [para] , [val] ) VALUES ( 'BASIC   ' , 'AUTODIAL        ' , 'ON                                                              ' )
 INSERT [pos_ini] ( [posgroup] , [para] , [val] ) VALUES ( 'BASIC   ' , 'CARD_NAME       ' , '提货卡                                                          ' )
 INSERT [pos_ini] ( [posgroup] , [para] , [val] ) VALUES ( 'BASIC   ' , 'CARDBAK_IP      ' , '162.16.1.41:9090                                                ' )
 INSERT [pos_ini] ( [posgroup] , [para] , [val] ) VALUES ( 'BASIC   ' , 'CARDHOST_IP     ' , '162.16.1.41:9090                                                ' )
 INSERT [pos_ini] ( [posgroup] , [para] , [val] ) VALUES ( 'BASIC   ' , 'CARDNO_ENCRYPT  ' , 'OFF                                                             ' )
 INSERT [pos_ini] ( [posgroup] , [para] , [val] ) VALUES ( 'BASIC   ' , 'CASH_BAUDRATE   ' , '9600                                                            ' )
 INSERT [pos_ini] ( [posgroup] , [para] , [val] ) VALUES ( 'BASIC   ' , 'CASH_BYTESIZE   ' , '8                                                               ' )
 INSERT [pos_ini] ( [posgroup] , [para] , [val] ) VALUES ( 'BASIC   ' , 'CASH_DRIVERNAME ' , 'drv/RSCashDrawer_TM_U210                                        ' )
 INSERT [pos_ini] ( [posgroup] , [para] , [val] ) VALUES ( 'BASIC   ' , 'CASH_FYCLASS    ' , 'com.royalstone.pos.services.factories.RSServiceInstanceFactory  ' )
 INSERT [pos_ini] ( [posgroup] , [para] , [val] ) VALUES ( 'BASIC   ' , 'CASH_PARITY     ' , '0                                                               ' )
 INSERT [pos_ini] ( [posgroup] , [para] , [val] ) VALUES ( 'BASIC   ' , 'CASH_PORTNAME   ' , 'LPT1                                                            ' )
 INSERT [pos_ini] ( [posgroup] , [para] , [val] ) VALUES ( 'BASIC   ' , 'CASH_SERCLASS   ' , 'com.royalstone.pos.services.POSCashDrawer                       ' )
 INSERT [pos_ini] ( [posgroup] , [para] , [val] ) VALUES ( 'BASIC   ' , 'CASH_STOPBITS   ' , '0                                                               ' )
 INSERT [pos_ini] ( [posgroup] , [para] , [val] ) VALUES ( 'BASIC   ' , 'CD_TYPE         ' , 'KA13DRAW                                                        ' )
 INSERT [pos_ini] ( [posgroup] , [para] , [val] ) VALUES ( 'BASIC   ' , 'CHANGE_PRICE    ' , 'OFF                                                             ' )
 INSERT [pos_ini] ( [posgroup] , [para] , [val] ) VALUES ( 'BASIC   ' , 'CHK_CLOSE_DRAW  ' , 'OFF                                                             ' )
 INSERT [pos_ini] ( [posgroup] , [para] , [val] ) VALUES ( 'BASIC   ' , 'CLEAR_POS       ' , 'ON                                                              ' )
 INSERT [pos_ini] ( [posgroup] , [para] , [val] ) VALUES ( 'BASIC   ' , 'COUPON_CHECK    ' , 'ON                                                              ' )
 INSERT [pos_ini] ( [posgroup] , [para] , [val] ) VALUES ( 'BASIC   ' , 'CUTLINES        ' , '6                                                               ' )
 INSERT [pos_ini] ( [posgroup] , [para] , [val] ) VALUES ( 'BASIC   ' , 'DISCOUNT_LAST   ' , 'ON                                                              ' )
 INSERT [pos_ini] ( [posgroup] , [para] , [val] ) VALUES ( 'BASIC   ' , 'DISCROUND_SCHEMA' , 'ON                                                              ' )
 INSERT [pos_ini] ( [posgroup] , [para] , [val] ) VALUES ( 'BASIC   ' , 'DISP_BAUDRATE   ' , '2400                                                            ' )
 INSERT [pos_ini] ( [posgroup] , [para] , [val] ) VALUES ( 'BASIC   ' , 'DISP_BYTESIZE   ' , '8                                                               ' )
 INSERT [pos_ini] ( [posgroup] , [para] , [val] ) VALUES ( 'BASIC   ' , 'DISP_DRIVERNAME ' , 'drv/RSVFD41_BA63G                                               ' )
 INSERT [pos_ini] ( [posgroup] , [para] , [val] ) VALUES ( 'BASIC   ' , 'DISP_FYCLASS    ' , 'com.royalstone.pos.services.factories.RSServiceInstanceFactory  ' )
 INSERT [pos_ini] ( [posgroup] , [para] , [val] ) VALUES ( 'BASIC   ' , 'DISP_PARITY     ' , 'N                                                               ' )
 INSERT [pos_ini] ( [posgroup] , [para] , [val] ) VALUES ( 'BASIC   ' , 'DISP_PORTNAME   ' , 'COM2                                                            ' )
 INSERT [pos_ini] ( [posgroup] , [para] , [val] ) VALUES ( 'BASIC   ' , 'DISP_SERCLASS   ' , 'com.royalstone.pos.services.CustDisplay                         ' )
 INSERT [pos_ini] ( [posgroup] , [para] , [val] ) VALUES ( 'BASIC   ' , 'DISP_STOPBITS   ' , '1                                                               ' )
 INSERT [pos_ini] ( [posgroup] , [para] , [val] ) VALUES ( 'BASIC   ' , 'EMPTY_OPEN_DRAW ' , 'OFF                                                             ' )
 INSERT [pos_ini] ( [posgroup] , [para] , [val] ) VALUES ( 'BASIC   ' , 'EXE_DRIVER      ' , 'ON                                                              ' )
 INSERT [pos_ini] ( [posgroup] , [para] , [val] ) VALUES ( 'BASIC   ' , 'GOODSNO_VERIFY  ' , 'ON                                                              ' )
 INSERT [pos_ini] ( [posgroup] , [para] , [val] ) VALUES ( 'BASIC   ' , 'HANGMAX         ' , '2                                                               ' )
 INSERT [pos_ini] ( [posgroup] , [para] , [val] ) VALUES ( 'BASIC   ' , 'HD1_INFO        ' , '融通公司店                                                      ' )
 INSERT [pos_ini] ( [posgroup] , [para] , [val] ) VALUES ( 'BASIC   ' , 'HD2_INFO        ' , 'WELCOME Royalstone SHOP                                         ' )
 INSERT [pos_ini] ( [posgroup] , [para] , [val] ) VALUES ( 'BASIC   ' , 'HINT_AMOUNT     ' , '10                                                              ' )
 INSERT [pos_ini] ( [posgroup] , [para] , [val] ) VALUES ( 'BASIC   ' , 'HINT_MONEY      ' , '100                                                             ' )
 INSERT [pos_ini] ( [posgroup] , [para] , [val] ) VALUES ( 'BASIC   ' , 'IC_COMNO        ' , '0                                                               ' )
 INSERT [pos_ini] ( [posgroup] , [para] , [val] ) VALUES ( 'BASIC   ' , 'ICPINLEN        ' , '7                                                               ' )
 INSERT [pos_ini] ( [posgroup] , [para] , [val] ) VALUES ( 'BASIC   ' , 'ICPINSTART      ' , '64                                                              ' )
 INSERT [pos_ini] ( [posgroup] , [para] , [val] ) VALUES ( 'BASIC   ' , 'IF_CHECK_AUTH   ' , 'ON                                                              ' )
 INSERT [pos_ini] ( [posgroup] , [para] , [val] ) VALUES ( 'BASIC   ' , 'IF_COUPN_RET    ' , 'OFF                                                             ' )
 INSERT [pos_ini] ( [posgroup] , [para] , [val] ) VALUES ( 'BASIC   ' , 'IF_CUT_ZERO     ' , 'OFF                                                             ' )
 INSERT [pos_ini] ( [posgroup] , [para] , [val] ) VALUES ( 'BASIC   ' , 'IF_DECR_AUTH    ' , 'ON                                                              ' )
 INSERT [pos_ini] ( [posgroup] , [para] , [val] ) VALUES ( 'BASIC   ' , 'IF_DISP_PROM    ' , 'ON                                                              ' )
 INSERT [pos_ini] ( [posgroup] , [para] , [val] ) VALUES ( 'BASIC   ' , 'if_EscOpenDraw  ' , 'OFF                                                             ' )
 INSERT [pos_ini] ( [posgroup] , [para] , [val] ) VALUES ( 'BASIC   ' , 'IF_HD_VGCD      ' , 'ON                                                              ' )
 INSERT [pos_ini] ( [posgroup] , [para] , [val] ) VALUES ( 'BASIC   ' , 'IF_INCR_AUTH    ' , 'ON                                                              ' )
 INSERT [pos_ini] ( [posgroup] , [para] , [val] ) VALUES ( 'BASIC   ' , 'IF_PRN_BM       ' , 'OFF                                                             ' )
 INSERT [pos_ini] ( [posgroup] , [para] , [val] ) VALUES ( 'BASIC   ' , 'IF_USE_VIP      ' , 'ON                                                              ' )
 INSERT [pos_ini] ( [posgroup] , [para] , [val] ) VALUES ( 'BASIC   ' , 'IFAUTH_CRPS     ' , 'ON                                                              ' )
 INSERT [pos_ini] ( [posgroup] , [para] , [val] ) VALUES ( 'BASIC   ' , 'IFIC_ISVD       ' , 'OFF                                                             ' )
 INSERT [pos_ini] ( [posgroup] , [para] , [val] ) VALUES ( 'BASIC   ' , 'in_TaxTitle_line' , '4                                                               ' )
 INSERT [pos_ini] ( [posgroup] , [para] , [val] ) VALUES ( 'BASIC   ' , 'INTERVAL        ' , '7                                                               ' )
 INSERT [pos_ini] ( [posgroup] , [para] , [val] ) VALUES ( 'BASIC   ' , 'ISFASTLOAD      ' , 'ON                                                              ' )
 INSERT [pos_ini] ( [posgroup] , [para] , [val] ) VALUES ( 'BASIC   ' , 'ISREALTIME      ' , 'ON                                                              ' )
 INSERT [pos_ini] ( [posgroup] , [para] , [val] ) VALUES ( 'BASIC   ' , 'LEN_MEMBER      ' , '13                                                              ' )
 INSERT [pos_ini] ( [posgroup] , [para] , [val] ) VALUES ( 'BASIC   ' , 'MAXAMOUNT       ' , '10000                                                           ' )
 INSERT [pos_ini] ( [posgroup] , [para] , [val] ) VALUES ( 'BASIC   ' , 'MAXCASH         ' , '10000                                                           ' )
 INSERT [pos_ini] ( [posgroup] , [para] , [val] ) VALUES ( 'BASIC   ' , 'MaxCashAmount   ' , '100000                                                          ' )
 INSERT [pos_ini] ( [posgroup] , [para] , [val] ) VALUES ( 'BASIC   ' , 'MAXDENOMINATION ' , '100000                                                          ' )
 INSERT [pos_ini] ( [posgroup] , [para] , [val] ) VALUES ( 'BASIC   ' , 'MAXITEM         ' , '5                                                               ' )
 INSERT [pos_ini] ( [posgroup] , [para] , [val] ) VALUES ( 'BASIC   ' , 'MAXVALUE        ' , '200                                                             ' )
 INSERT [pos_ini] ( [posgroup] , [para] , [val] ) VALUES ( 'BASIC   ' , 'MBERPOINT_FLAG  ' , 'ON                                                              ' )
 INSERT [pos_ini] ( [posgroup] , [para] , [val] ) VALUES ( 'BASIC   ' , 'MEM_PORT        ' , '4004                                                            ' )
 INSERT [pos_ini] ( [posgroup] , [para] , [val] ) VALUES ( 'BASIC   ' , 'MEMCARD_VERIFY  ' , 'ON                                                              ' )
 INSERT [pos_ini] ( [posgroup] , [para] , [val] ) VALUES ( 'BASIC   ' , 'MEMCD_HD_CHECK  ' , 'ON                                                              ' )
 INSERT [pos_ini] ( [posgroup] , [para] , [val] ) VALUES ( 'BASIC   ' , 'MONEYCODE_UNIT  ' , '100                                                             ' )
 INSERT [pos_ini] ( [posgroup] , [para] , [val] ) VALUES ( 'BASIC   ' , 'OFF_VFD         ' , 'OFF                                                             ' )
 INSERT [pos_ini] ( [posgroup] , [para] , [val] ) VALUES ( 'BASIC   ' , 'POINT_MIN_MONEY ' , '0                                                               ' )
 INSERT [pos_ini] ( [posgroup] , [para] , [val] ) VALUES ( 'BASIC   ' , 'POINT_ROUNDING  ' , 'OFF                                                             ' )
 INSERT [pos_ini] ( [posgroup] , [para] , [val] ) VALUES ( 'BASIC   ' , 'PORT            ' , '4002                                                            ' )
 INSERT [pos_ini] ( [posgroup] , [para] , [val] ) VALUES ( 'BASIC   ' , 'POSTYPE         ' , 'IBM                                                             ' )
 INSERT [pos_ini] ( [posgroup] , [para] , [val] ) VALUES ( 'BASIC   ' , 'PREPRN_HEAD     ' , 'OFF                                                             ' )
 INSERT [pos_ini] ( [posgroup] , [para] , [val] ) VALUES ( 'BASIC   ' , 'PRICE_FLAG      ' , 'ON                                                              ' )
 INSERT [pos_ini] ( [posgroup] , [para] , [val] ) VALUES ( 'BASIC   ' , 'PRICE_PORT      ' , '4001                                                            ' )
 INSERT [pos_ini] ( [posgroup] , [para] , [val] ) VALUES ( 'BASIC   ' , 'PRINT_CURPOINT  ' , 'ON                                                              ' )
 INSERT [pos_ini] ( [posgroup] , [para] , [val] ) VALUES ( 'BASIC   ' , 'PRINT_ONLINE    ' , 'ON                                                              ' )
 INSERT [pos_ini] ( [posgroup] , [para] , [val] ) VALUES ( 'BASIC   ' , 'PRINT_SUMPOINT  ' , 'ON                                                              ' )
 INSERT [pos_ini] ( [posgroup] , [para] , [val] ) VALUES ( 'BASIC   ' , 'PRINT_TALCOUNT  ' , 'OFF                                                             ' )
 INSERT [pos_ini] ( [posgroup] , [para] , [val] ) VALUES ( 'BASIC   ' , 'PRN_BAUDRATE    ' , '9600                                                            ' )
 INSERT [pos_ini] ( [posgroup] , [para] , [val] ) VALUES ( 'BASIC   ' , 'PRN_BYTESIZE    ' , '8                                                               ' )
 INSERT [pos_ini] ( [posgroup] , [para] , [val] ) VALUES ( 'BASIC   ' , 'PRN_CARD_DETAIL ' , 'ON                                                              ' )
 INSERT [pos_ini] ( [posgroup] , [para] , [val] ) VALUES ( 'BASIC   ' , 'PRN_DRIVERNAME  ' , 'drv/RSPrinter41_TM_U210                                         ' )
 INSERT [pos_ini] ( [posgroup] , [para] , [val] ) VALUES ( 'BASIC   ' , 'PRN_FYCLASS     ' , 'com.royalstone.pos.services.factories.RSServiceInstanceFactory  ' )
 INSERT [pos_ini] ( [posgroup] , [para] , [val] ) VALUES ( 'BASIC   ' , 'PRN_GROUPNO     ' , 'ON                                                              ' )
 INSERT [pos_ini] ( [posgroup] , [para] , [val] ) VALUES ( 'BASIC   ' , 'PRN_PARITY      ' , '0                                                               ' )
 INSERT [pos_ini] ( [posgroup] , [para] , [val] ) VALUES ( 'BASIC   ' , 'PRN_PORTNAME    ' , 'LPT1                                                            ' )
 INSERT [pos_ini] ( [posgroup] , [para] , [val] ) VALUES ( 'BASIC   ' , 'PRN_SERCLASS    ' , 'com.royalstone.pos.services.POSPrinter                          ' )
 INSERT [pos_ini] ( [posgroup] , [para] , [val] ) VALUES ( 'BASIC   ' , 'PRN_STOPBITS    ' , '0                                                               ' )
 INSERT [pos_ini] ( [posgroup] , [para] , [val] ) VALUES ( 'BASIC   ' , 'PRN_TYPE        ' , 'GuestPRN                                                        ' )
 INSERT [pos_ini] ( [posgroup] , [para] , [val] ) VALUES ( 'BASIC   ' , 'PRNDetail_NFLAG ' , 'OFF                                                             ' )
 INSERT [pos_ini] ( [posgroup] , [para] , [val] ) VALUES ( 'BASIC   ' , 'PROMACCU_FLAG   ' , 'ON                                                              ' )
 INSERT [pos_ini] ( [posgroup] , [para] , [val] ) VALUES ( 'BASIC   ' , 'PROMPOINT_FLAG  ' , 'ON                                                              ' )
 INSERT [pos_ini] ( [posgroup] , [para] , [val] ) VALUES ( 'BASIC   ' , 'RADIX_TYPE      ' , 'ON                                                              ' )
 INSERT [pos_ini] ( [posgroup] , [para] , [val] ) VALUES ( 'BASIC   ' , 'RANDOM_LISTNO   ' , 'ON                                                              ' )
 INSERT [pos_ini] ( [posgroup] , [para] , [val] ) VALUES ( 'BASIC   ' , 'RETURN_SAVECARD ' , 'ON                                                              ' )
 INSERT [pos_ini] ( [posgroup] , [para] , [val] ) VALUES ( 'BASIC   ' , 'ROUNDING_SCHEMA ' , 'OFF                                                             ' )
 INSERT [pos_ini] ( [posgroup] , [para] , [val] ) VALUES ( 'BASIC   ' , 'SAVE_PORT       ' , '4006                                                            ' )
 INSERT [pos_ini] ( [posgroup] , [para] , [val] ) VALUES ( 'BASIC   ' , 'SERIAL_FLAG     ' , 'ON                                                              ' )
 INSERT [pos_ini] ( [posgroup] , [para] , [val] ) VALUES ( 'BASIC   ' , 'SHC_WITHDRAW    ' , 'ON                                                              ' )
 INSERT [pos_ini] ( [posgroup] , [para] , [val] ) VALUES ( 'BASIC   ' , 'SHOW_GOODSNO    ' , 'ON                                                              ' )
 INSERT [pos_ini] ( [posgroup] , [para] , [val] ) VALUES ( 'BASIC   ' , 'SHOW_PLU        ' , 'ON                                                              ' )
 INSERT [pos_ini] ( [posgroup] , [para] , [val] ) VALUES ( 'BASIC   ' , 'SHOW_VGNO       ' , 'ON                                                              ' )
 INSERT [pos_ini] ( [posgroup] , [para] , [val] ) VALUES ( 'BASIC   ' , 'TALROUND_SCHEMA ' , 'OFF                                                             ' )
 INSERT [pos_ini] ( [posgroup] , [para] , [val] ) VALUES ( 'BASIC   ' , 'Taxitem_oneline ' , 'ON                                                              ' )
 INSERT [pos_ini] ( [posgroup] , [para] , [val] ) VALUES ( 'BASIC   ' , 'TaxTitle_twoline' , 'OFF                                                             ' )
 INSERT [pos_ini] ( [posgroup] , [para] , [val] ) VALUES ( 'BASIC   ' , 'TG_CARDTYPE     ' , '                                                                ' )
 INSERT [pos_ini] ( [posgroup] , [para] , [val] ) VALUES ( 'BASIC   ' , 'TIMES           ' , '2                                                               ' )
 INSERT [pos_ini] ( [posgroup] , [para] , [val] ) VALUES ( 'BASIC   ' , 'TL1_INFO        ' , '欢迎再次光临--服务电话:8888888                                  ' )
 INSERT [pos_ini] ( [posgroup] , [para] , [val] ) VALUES ( 'BASIC   ' , 'TL2_INFO        ' , '请保留电脑小票，作为退换货凭证                                  ' )
 INSERT [pos_ini] ( [posgroup] , [para] , [val] ) VALUES ( 'BASIC   ' , 'TL3_INFO        ' , '                                                                ' )
 INSERT [pos_ini] ( [posgroup] , [para] , [val] ) VALUES ( 'BASIC   ' , 'TOTAL_LINE      ' , 'ON                                                              ' )
 INSERT [pos_ini] ( [posgroup] , [para] , [val] ) VALUES ( 'BASIC   ' , 'TOTAL_PRN       ' , 'OFF                                                             ' )
 INSERT [pos_ini] ( [posgroup] , [para] , [val] ) VALUES ( 'BASIC   ' , 'TOTAL_TITLE     ' , '兑换赠券金额合计                                                ' )
 INSERT [pos_ini] ( [posgroup] , [para] , [val] ) VALUES ( 'BASIC   ' , 'TOTAL_TYPE      ' , 'CRVD                                                            ' )
 INSERT [pos_ini] ( [posgroup] , [para] , [val] ) VALUES ( 'BASIC   ' , 'TOTAL_UNSALE    ' , 'ON                                                              ' )
 INSERT [pos_ini] ( [posgroup] , [para] , [val] ) VALUES ( 'BASIC   ' , 'TX_FLAG         ' , 'OFF                                                             ' )
 INSERT [pos_ini] ( [posgroup] , [para] , [val] ) VALUES ( 'BASIC   ' , 'USE_2CARD       ' , 'ON                                                              ' )
 INSERT [pos_ini] ( [posgroup] , [para] , [val] ) VALUES ( 'BASIC   ' , 'USE_TWO_DISC    ' , 'OFF                                                             ' )
 INSERT [pos_ini] ( [posgroup] , [para] , [val] ) VALUES ( 'BASIC   ' , 'VFD_COM         ' , 'COM4                                                            ' )
 INSERT [pos_ini] ( [posgroup] , [para] , [val] ) VALUES ( 'BASIC   ' , 'VFD_TYPE        ' , 'GuestVFD                                                        ' )
 INSERT [pos_ini] ( [posgroup] , [para] , [val] ) VALUES ( 'BASIC   ' , 'VGBOTTOM        ' , '10                                                              ' )
 INSERT [pos_ini] ( [posgroup] , [para] , [val] ) VALUES ( 'BASIC   ' , 'VGNO_AUTO_ADD0  ' , 'ON                                                              ' )
 INSERT [pos_ini] ( [posgroup] , [para] , [val] ) VALUES ( 'BASIC   ' , 'VS_DEFPWD       ' , '1122334                                                         ' )
 INSERT [pos_ini] ( [posgroup] , [para] , [val] ) VALUES ( 'BASIC   ' , 'VS_RET_MAX      ' , '5                                                               ' )
 INSERT [pos_ini] ( [posgroup] , [para] , [val] ) VALUES ( 'BASIC   ' , 'VS_STYLE        ' , '1;11                                                            ' )
 INSERT [pos_ini] ( [posgroup] , [para] , [val] ) VALUES ( 'BASIC   ' , 'WEL_INFO        ' , 'CRC SHOP                                                        ' )
 INSERT [pos_ini] ( [posgroup] , [para] , [val] ) VALUES ( 'OLIVT   ' , 'AltPrice_NLIMIT ' , 'OFF                                                             ' )
 INSERT [pos_ini] ( [posgroup] , [para] , [val] ) VALUES ( 'OLIVT   ' , 'AMOUNT1         ' , '1                                                               ' )
 INSERT [pos_ini] ( [posgroup] , [para] , [val] ) VALUES ( 'OLIVT   ' , 'AMOUNT2         ' , '1                                                               ' )
 INSERT [pos_ini] ( [posgroup] , [para] , [val] ) VALUES ( 'OLIVT   ' , 'AUTH_AltMoney   ' , 'OFF                                                             ' )
 INSERT [pos_ini] ( [posgroup] , [para] , [val] ) VALUES ( 'OLIVT   ' , 'AUTH_AltPrice   ' , 'ON                                                              ' )
 INSERT [pos_ini] ( [posgroup] , [para] , [val] ) VALUES ( 'OLIVT   ' , 'AUTH_BLANKTRAN  ' , 'ON                                                              ' )
 INSERT [pos_ini] ( [posgroup] , [para] , [val] ) VALUES ( 'OLIVT   ' , 'AUTH_DiscMoney  ' , 'ON                                                              ' )
 INSERT [pos_ini] ( [posgroup] , [para] , [val] ) VALUES ( 'OLIVT   ' , 'AUTH_Discount   ' , 'ON                                                              ' )
 INSERT [pos_ini] ( [posgroup] , [para] , [val] ) VALUES ( 'OLIVT   ' , 'AUTH_DiscTotal  ' , 'ON                                                              ' )
 INSERT [pos_ini] ( [posgroup] , [para] , [val] ) VALUES ( 'OLIVT   ' , 'AUTH_LASTPRINT  ' , 'OFF                                                             ' )
 INSERT [pos_ini] ( [posgroup] , [para] , [val] ) VALUES ( 'OLIVT   ' , 'AUTH_PRNREPORT  ' , 'OFF                                                             ' )
 INSERT [pos_ini] ( [posgroup] , [para] , [val] ) VALUES ( 'OLIVT   ' , 'AUTH_Return     ' , 'ON                                                              ' )
 INSERT [pos_ini] ( [posgroup] , [para] , [val] ) VALUES ( 'OLIVT   ' , 'AUTH_SECONDNET  ' , 'ON                                                              ' )
 INSERT [pos_ini] ( [posgroup] , [para] , [val] ) VALUES ( 'OLIVT   ' , 'AUTH_VOIDITEM   ' , 'ON                                                              ' )
 INSERT [pos_ini] ( [posgroup] , [para] , [val] ) VALUES ( 'OLIVT   ' , 'AUTODIAL        ' , 'ON                                                              ' )
 INSERT [pos_ini] ( [posgroup] , [para] , [val] ) VALUES ( 'OLIVT   ' , 'CARD_NAME       ' , '提货卡                                                          ' )
 INSERT [pos_ini] ( [posgroup] , [para] , [val] ) VALUES ( 'OLIVT   ' , 'CARDBAK_IP      ' , '172.16.8.112                                                    ' )
 INSERT [pos_ini] ( [posgroup] , [para] , [val] ) VALUES ( 'OLIVT   ' , 'CARDHOST_IP     ' , '172.16.8.112                                                    ' )
 INSERT [pos_ini] ( [posgroup] , [para] , [val] ) VALUES ( 'OLIVT   ' , 'CARDNO_ENCRYPT  ' , 'OFF                                                             ' )
 INSERT [pos_ini] ( [posgroup] , [para] , [val] ) VALUES ( 'OLIVT   ' , 'CASH_BAUDRATE   ' , '9600                                                            ' )
 INSERT [pos_ini] ( [posgroup] , [para] , [val] ) VALUES ( 'OLIVT   ' , 'CASH_BYTESIZE   ' , '8                                                               ' )
 INSERT [pos_ini] ( [posgroup] , [para] , [val] ) VALUES ( 'OLIVT   ' , 'CASH_DRIVERNAME ' , 'drv/RSCashDrawer_TM_U210                                        ' )
 INSERT [pos_ini] ( [posgroup] , [para] , [val] ) VALUES ( 'OLIVT   ' , 'CASH_FYCLASS    ' , 'com.royalstone.pos.services.factories.RSServiceInstanceFactory  ' )
 INSERT [pos_ini] ( [posgroup] , [para] , [val] ) VALUES ( 'OLIVT   ' , 'CASH_PARITY     ' , '0                                                               ' )
 INSERT [pos_ini] ( [posgroup] , [para] , [val] ) VALUES ( 'OLIVT   ' , 'CASH_PORTNAME   ' , 'COM1                                                            ' )
 INSERT [pos_ini] ( [posgroup] , [para] , [val] ) VALUES ( 'OLIVT   ' , 'CASH_SERCLASS   ' , 'com.royalstone.pos.services.POSCashDrawer                       ' )
 INSERT [pos_ini] ( [posgroup] , [para] , [val] ) VALUES ( 'OLIVT   ' , 'CASH_STOPBITS   ' , '0                                                               ' )
 INSERT [pos_ini] ( [posgroup] , [para] , [val] ) VALUES ( 'OLIVT   ' , 'CD_TYPE         ' , 'KA13DRAW                                                        ' )
 INSERT [pos_ini] ( [posgroup] , [para] , [val] ) VALUES ( 'OLIVT   ' , 'CHANGE_PRICE    ' , 'OFF                                                             ' )
 INSERT [pos_ini] ( [posgroup] , [para] , [val] ) VALUES ( 'OLIVT   ' , 'CHK_CLOSE_DRAW  ' , 'OFF                                                             ' )
 INSERT [pos_ini] ( [posgroup] , [para] , [val] ) VALUES ( 'OLIVT   ' , 'CLEAR_POS       ' , 'ON                                                              ' )
 INSERT [pos_ini] ( [posgroup] , [para] , [val] ) VALUES ( 'OLIVT   ' , 'COUPON_CHECK    ' , 'OFF                                                             ' )
 INSERT [pos_ini] ( [posgroup] , [para] , [val] ) VALUES ( 'OLIVT   ' , 'CUTLINES        ' , '2                                                               ' )
 INSERT [pos_ini] ( [posgroup] , [para] , [val] ) VALUES ( 'OLIVT   ' , 'DISCOUNT_LAST   ' , 'ON                                                              ' )
 INSERT [pos_ini] ( [posgroup] , [para] , [val] ) VALUES ( 'OLIVT   ' , 'DISCROUND_SCHEMA' , 'ON                                                              ' )
 INSERT [pos_ini] ( [posgroup] , [para] , [val] ) VALUES ( 'OLIVT   ' , 'DISP_BAUDRATE   ' , '9600                                                            ' )
 INSERT [pos_ini] ( [posgroup] , [para] , [val] ) VALUES ( 'OLIVT   ' , 'DISP_BYTESIZE   ' , '8                                                               ' )
 INSERT [pos_ini] ( [posgroup] , [para] , [val] ) VALUES ( 'OLIVT   ' , 'DISP_DRIVERNAME ' , 'drv/RSVFD41_BA63G                                               ' )
 INSERT [pos_ini] ( [posgroup] , [para] , [val] ) VALUES ( 'OLIVT   ' , 'DISP_FYCLASS    ' , 'com.royalstone.pos.services.factories.RSServiceInstanceFactory  ' )
 INSERT [pos_ini] ( [posgroup] , [para] , [val] ) VALUES ( 'OLIVT   ' , 'DISP_PARITY     ' , '1                                                               ' )
 INSERT [pos_ini] ( [posgroup] , [para] , [val] ) VALUES ( 'OLIVT   ' , 'DISP_PORTNAME   ' , 'COM4                                                            ' )
 INSERT [pos_ini] ( [posgroup] , [para] , [val] ) VALUES ( 'OLIVT   ' , 'DISP_SERCLASS   ' , 'com.royalstone.pos.services.CustDisplay                         ' )
 INSERT [pos_ini] ( [posgroup] , [para] , [val] ) VALUES ( 'OLIVT   ' , 'DISP_STOPBITS   ' , '0                                                               ' )
 INSERT [pos_ini] ( [posgroup] , [para] , [val] ) VALUES ( 'OLIVT   ' , 'EMPTY_OPEN_DRAW ' , 'OFF                                                             ' )
 INSERT [pos_ini] ( [posgroup] , [para] , [val] ) VALUES ( 'OLIVT   ' , 'EXE_DRIVER      ' , 'OFF                                                             ' )
 INSERT [pos_ini] ( [posgroup] , [para] , [val] ) VALUES ( 'OLIVT   ' , 'GOODSNO_VERIFY  ' , 'ON                                                              ' )
 INSERT [pos_ini] ( [posgroup] , [para] , [val] ) VALUES ( 'OLIVT   ' , 'HANGMAX         ' , '2                                                               ' )
 INSERT [pos_ini] ( [posgroup] , [para] , [val] ) VALUES ( 'OLIVT   ' , 'HD1_INFO        ' , '融通公司店                                                      ' )
 INSERT [pos_ini] ( [posgroup] , [para] , [val] ) VALUES ( 'OLIVT   ' , 'HD2_INFO        ' , 'WELCOME Royalstone SHOP                                         ' )
 INSERT [pos_ini] ( [posgroup] , [para] , [val] ) VALUES ( 'OLIVT   ' , 'HINT_AMOUNT     ' , '1000000                                                         ' )
 INSERT [pos_ini] ( [posgroup] , [para] , [val] ) VALUES ( 'OLIVT   ' , 'HINT_MONEY      ' , '1000000                                                         ' )
 INSERT [pos_ini] ( [posgroup] , [para] , [val] ) VALUES ( 'OLIVT   ' , 'IC_COMNO        ' , '0                                                               ' )
 INSERT [pos_ini] ( [posgroup] , [para] , [val] ) VALUES ( 'OLIVT   ' , 'ICPINLEN        ' , '7                                                               ' )
 INSERT [pos_ini] ( [posgroup] , [para] , [val] ) VALUES ( 'OLIVT   ' , 'ICPINSTART      ' , '64                                                              ' )
 INSERT [pos_ini] ( [posgroup] , [para] , [val] ) VALUES ( 'OLIVT   ' , 'IF_CHECK_AUTH   ' , 'ON                                                              ' )
 INSERT [pos_ini] ( [posgroup] , [para] , [val] ) VALUES ( 'OLIVT   ' , 'IF_COUPN_RET    ' , 'OFF                                                             ' )
 INSERT [pos_ini] ( [posgroup] , [para] , [val] ) VALUES ( 'OLIVT   ' , 'IF_CUT_ZERO     ' , 'OFF                                                             ' )
 INSERT [pos_ini] ( [posgroup] , [para] , [val] ) VALUES ( 'OLIVT   ' , 'IF_DECR_AUTH    ' , 'ON                                                              ' )
 INSERT [pos_ini] ( [posgroup] , [para] , [val] ) VALUES ( 'OLIVT   ' , 'IF_DISP_PROM    ' , 'ON                                                              ' )
 INSERT [pos_ini] ( [posgroup] , [para] , [val] ) VALUES ( 'OLIVT   ' , 'if_EscOpenDraw  ' , 'OFF                                                             ' )
 INSERT [pos_ini] ( [posgroup] , [para] , [val] ) VALUES ( 'OLIVT   ' , 'IF_HD_VGCD      ' , 'ON                                                              ' )
 INSERT [pos_ini] ( [posgroup] , [para] , [val] ) VALUES ( 'OLIVT   ' , 'IF_INCR_AUTH    ' , 'ON                                                              ' )
 INSERT [pos_ini] ( [posgroup] , [para] , [val] ) VALUES ( 'OLIVT   ' , 'IF_PRN_BM       ' , 'ON                                                              ' )
 INSERT [pos_ini] ( [posgroup] , [para] , [val] ) VALUES ( 'OLIVT   ' , 'IF_USE_VIP      ' , 'OFF                                                             ' )
 INSERT [pos_ini] ( [posgroup] , [para] , [val] ) VALUES ( 'OLIVT   ' , 'IFAUTH_CRPS     ' , 'ON                                                              ' )
 INSERT [pos_ini] ( [posgroup] , [para] , [val] ) VALUES ( 'OLIVT   ' , 'IFIC_ISVD       ' , 'ON                                                              ' )
 INSERT [pos_ini] ( [posgroup] , [para] , [val] ) VALUES ( 'OLIVT   ' , 'in_TaxTitle_line' , '0                                                               ' )
 INSERT [pos_ini] ( [posgroup] , [para] , [val] ) VALUES ( 'OLIVT   ' , 'INTERVAL        ' , '7                                                               ' )
 INSERT [pos_ini] ( [posgroup] , [para] , [val] ) VALUES ( 'OLIVT   ' , 'ISFASTLOAD      ' , 'OFF                                                             ' )
 INSERT [pos_ini] ( [posgroup] , [para] , [val] ) VALUES ( 'OLIVT   ' , 'ISREALTIME      ' , 'ON                                                              ' )
 INSERT [pos_ini] ( [posgroup] , [para] , [val] ) VALUES ( 'OLIVT   ' , 'LEN_MEMBER      ' , '13                                                              ' )
 INSERT [pos_ini] ( [posgroup] , [para] , [val] ) VALUES ( 'OLIVT   ' , 'MAXAMOUNT       ' , '10000000                                                        ' )
 INSERT [pos_ini] ( [posgroup] , [para] , [val] ) VALUES ( 'OLIVT   ' , 'MAXCASH         ' , '1000000                                                         ' )
 INSERT [pos_ini] ( [posgroup] , [para] , [val] ) VALUES ( 'OLIVT   ' , 'MaxCashAmount   ' , '10000                                                           ' )
 INSERT [pos_ini] ( [posgroup] , [para] , [val] ) VALUES ( 'OLIVT   ' , 'MAXDENOMINATION ' , '1000                                                            ' )
 INSERT [pos_ini] ( [posgroup] , [para] , [val] ) VALUES ( 'OLIVT   ' , 'MAXITEM         ' , '70                                                              ' )
 INSERT [pos_ini] ( [posgroup] , [para] , [val] ) VALUES ( 'OLIVT   ' , 'MAXVALUE        ' , '1000000                                                         ' )
 INSERT [pos_ini] ( [posgroup] , [para] , [val] ) VALUES ( 'OLIVT   ' , 'MBERPOINT_FLAG  ' , 'ON                                                              ' )
 INSERT [pos_ini] ( [posgroup] , [para] , [val] ) VALUES ( 'OLIVT   ' , 'MEM_PORT        ' , '4004                                                            ' )
 INSERT [pos_ini] ( [posgroup] , [para] , [val] ) VALUES ( 'OLIVT   ' , 'MEMCARD_VERIFY  ' , 'ON                                                              ' )
 INSERT [pos_ini] ( [posgroup] , [para] , [val] ) VALUES ( 'OLIVT   ' , 'MEMCD_HD_CHECK  ' , 'ON                                                              ' )
 INSERT [pos_ini] ( [posgroup] , [para] , [val] ) VALUES ( 'OLIVT   ' , 'MONEYCODE_UNIT  ' , '100                                                             ' )
 INSERT [pos_ini] ( [posgroup] , [para] , [val] ) VALUES ( 'OLIVT   ' , 'OFF_VFD         ' , 'OFF                                                             ' )
 INSERT [pos_ini] ( [posgroup] , [para] , [val] ) VALUES ( 'OLIVT   ' , 'POINT_MIN_MONEY ' , '0                                                               ' )
 INSERT [pos_ini] ( [posgroup] , [para] , [val] ) VALUES ( 'OLIVT   ' , 'POINT_ROUNDING  ' , 'OFF                                                             ' )
 INSERT [pos_ini] ( [posgroup] , [para] , [val] ) VALUES ( 'OLIVT   ' , 'PORT            ' , '4002                                                            ' )
 INSERT [pos_ini] ( [posgroup] , [para] , [val] ) VALUES ( 'OLIVT   ' , 'POSTYPE         ' , 'NCR                                                             ' )
 INSERT [pos_ini] ( [posgroup] , [para] , [val] ) VALUES ( 'OLIVT   ' , 'PREPRN_HEAD     ' , 'OFF                                                             ' )
 INSERT [pos_ini] ( [posgroup] , [para] , [val] ) VALUES ( 'OLIVT   ' , 'PRICE_FLAG      ' , 'ON                                                              ' )
 INSERT [pos_ini] ( [posgroup] , [para] , [val] ) VALUES ( 'OLIVT   ' , 'PRICE_PORT      ' , '4001                                                            ' )
 INSERT [pos_ini] ( [posgroup] , [para] , [val] ) VALUES ( 'OLIVT   ' , 'PRINT_CURPOINT  ' , 'ON                                                              ' )
 INSERT [pos_ini] ( [posgroup] , [para] , [val] ) VALUES ( 'OLIVT   ' , 'PRINT_ONLINE    ' , 'ON                                                              ' )
 INSERT [pos_ini] ( [posgroup] , [para] , [val] ) VALUES ( 'OLIVT   ' , 'PRINT_SUMPOINT  ' , 'OFF                                                             ' )
 INSERT [pos_ini] ( [posgroup] , [para] , [val] ) VALUES ( 'OLIVT   ' , 'PRINT_TALCOUNT  ' , 'OFF                                                             ' )
 INSERT [pos_ini] ( [posgroup] , [para] , [val] ) VALUES ( 'OLIVT   ' , 'PRN_BAUDRATE    ' , '9600                                                            ' )
 INSERT [pos_ini] ( [posgroup] , [para] , [val] ) VALUES ( 'OLIVT   ' , 'PRN_BYTESIZE    ' , '8                                                               ' )
 INSERT [pos_ini] ( [posgroup] , [para] , [val] ) VALUES ( 'OLIVT   ' , 'PRN_CARD_DETAIL ' , 'ON                                                              ' )
 INSERT [pos_ini] ( [posgroup] , [para] , [val] ) VALUES ( 'OLIVT   ' , 'PRN_DRIVERNAME  ' , 'drv/RSPrinter41_TM_U210                                         ' )
 INSERT [pos_ini] ( [posgroup] , [para] , [val] ) VALUES ( 'OLIVT   ' , 'PRN_FYCLASS     ' , 'com.royalstone.pos.services.factories.RSServiceInstanceFactory  ' )
 INSERT [pos_ini] ( [posgroup] , [para] , [val] ) VALUES ( 'OLIVT   ' , 'PRN_GROUPNO     ' , 'OFF                                                             ' )
 INSERT [pos_ini] ( [posgroup] , [para] , [val] ) VALUES ( 'OLIVT   ' , 'PRN_PARITY      ' , '0                                                               ' )
 INSERT [pos_ini] ( [posgroup] , [para] , [val] ) VALUES ( 'OLIVT   ' , 'PRN_PORTNAME    ' , 'COM1                                                            ' )
 INSERT [pos_ini] ( [posgroup] , [para] , [val] ) VALUES ( 'OLIVT   ' , 'PRN_SERCLASS    ' , 'com.royalstone.pos.services.POSPrinter                          ' )
 INSERT [pos_ini] ( [posgroup] , [para] , [val] ) VALUES ( 'OLIVT   ' , 'PRN_STOPBITS    ' , '0                                                               ' )
 INSERT [pos_ini] ( [posgroup] , [para] , [val] ) VALUES ( 'OLIVT   ' , 'PRN_TYPE        ' , 'GuestPRN                                                        ' )
 INSERT [pos_ini] ( [posgroup] , [para] , [val] ) VALUES ( 'OLIVT   ' , 'PRNDetail_NFLAG ' , 'OFF                                                             ' )
 INSERT [pos_ini] ( [posgroup] , [para] , [val] ) VALUES ( 'OLIVT   ' , 'PROMACCU_FLAG   ' , 'ON                                                              ' )
 INSERT [pos_ini] ( [posgroup] , [para] , [val] ) VALUES ( 'OLIVT   ' , 'PROMPOINT_FLAG  ' , 'ON                                                              ' )
 INSERT [pos_ini] ( [posgroup] , [para] , [val] ) VALUES ( 'OLIVT   ' , 'RADIX_TYPE      ' , 'ON                                                              ' )
 INSERT [pos_ini] ( [posgroup] , [para] , [val] ) VALUES ( 'OLIVT   ' , 'RANDOM_LISTNO   ' , 'ON                                                              ' )
 INSERT [pos_ini] ( [posgroup] , [para] , [val] ) VALUES ( 'OLIVT   ' , 'RETURN_SAVECARD ' , 'OFF                                                             ' )
 INSERT [pos_ini] ( [posgroup] , [para] , [val] ) VALUES ( 'OLIVT   ' , 'ROUNDING_SCHEMA ' , 'OFF                                                             ' )
 INSERT [pos_ini] ( [posgroup] , [para] , [val] ) VALUES ( 'OLIVT   ' , 'SAVE_PORT       ' , '4006                                                            ' )
 INSERT [pos_ini] ( [posgroup] , [para] , [val] ) VALUES ( 'OLIVT   ' , 'SERIAL_FLAG     ' , 'OFF                                                             ' )
 INSERT [pos_ini] ( [posgroup] , [para] , [val] ) VALUES ( 'OLIVT   ' , 'SHC_WITHDRAW    ' , 'ON                                                              ' )
 INSERT [pos_ini] ( [posgroup] , [para] , [val] ) VALUES ( 'OLIVT   ' , 'SHOW_GOODSNO    ' , 'ON                                                              ' )
 INSERT [pos_ini] ( [posgroup] , [para] , [val] ) VALUES ( 'OLIVT   ' , 'SHOW_PLU        ' , 'ON                                                              ' )
 INSERT [pos_ini] ( [posgroup] , [para] , [val] ) VALUES ( 'OLIVT   ' , 'SHOW_VGNO       ' , 'OFF                                                             ' )
 INSERT [pos_ini] ( [posgroup] , [para] , [val] ) VALUES ( 'OLIVT   ' , 'TALROUND_SCHEMA ' , 'OFF                                                             ' )
 INSERT [pos_ini] ( [posgroup] , [para] , [val] ) VALUES ( 'OLIVT   ' , 'Taxitem_oneline ' , 'OFF                                                             ' )
 INSERT [pos_ini] ( [posgroup] , [para] , [val] ) VALUES ( 'OLIVT   ' , 'TaxTitle_twoline' , 'OFF                                                             ' )
 INSERT [pos_ini] ( [posgroup] , [para] , [val] ) VALUES ( 'OLIVT   ' , 'TG_CARDTYPE     ' , '                                                                ' )
 INSERT [pos_ini] ( [posgroup] , [para] , [val] ) VALUES ( 'OLIVT   ' , 'TIMES           ' , '2                                                               ' )
 INSERT [pos_ini] ( [posgroup] , [para] , [val] ) VALUES ( 'OLIVT   ' , 'TL1_INFO        ' , '欢迎再次光临--服务电话:8888888                                  ' )
 INSERT [pos_ini] ( [posgroup] , [para] , [val] ) VALUES ( 'OLIVT   ' , 'TL2_INFO        ' , '请保留电脑小票，作为退换货凭证                                  ' )
 INSERT [pos_ini] ( [posgroup] , [para] , [val] ) VALUES ( 'OLIVT   ' , 'TL3_INFO        ' , '                                                                ' )
 INSERT [pos_ini] ( [posgroup] , [para] , [val] ) VALUES ( 'OLIVT   ' , 'TOTAL_LINE      ' , 'ON                                                              ' )
 INSERT [pos_ini] ( [posgroup] , [para] , [val] ) VALUES ( 'OLIVT   ' , 'TOTAL_PRN       ' , 'OFF                                                             ' )
 INSERT [pos_ini] ( [posgroup] , [para] , [val] ) VALUES ( 'OLIVT   ' , 'TOTAL_TITLE     ' , '兑换赠券金额合计                                                ' )
 INSERT [pos_ini] ( [posgroup] , [para] , [val] ) VALUES ( 'OLIVT   ' , 'TOTAL_TYPE      ' , 'CRVD                                                            ' )
 INSERT [pos_ini] ( [posgroup] , [para] , [val] ) VALUES ( 'OLIVT   ' , 'TOTAL_UNSALE    ' , 'ON                                                              ' )
 INSERT [pos_ini] ( [posgroup] , [para] , [val] ) VALUES ( 'OLIVT   ' , 'TX_FLAG         ' , 'OFF                                                             ' )
 INSERT [pos_ini] ( [posgroup] , [para] , [val] ) VALUES ( 'OLIVT   ' , 'USE_2CARD       ' , 'OFF                                                             ' )
 INSERT [pos_ini] ( [posgroup] , [para] , [val] ) VALUES ( 'OLIVT   ' , 'USE_TWO_DISC    ' , 'OFF                                                             ' )
 INSERT [pos_ini] ( [posgroup] , [para] , [val] ) VALUES ( 'OLIVT   ' , 'VFD_COM         ' , 'COM4                                                            ' )
 INSERT [pos_ini] ( [posgroup] , [para] , [val] ) VALUES ( 'OLIVT   ' , 'VFD_TYPE        ' , 'LANPOS                                                          ' )
 INSERT [pos_ini] ( [posgroup] , [para] , [val] ) VALUES ( 'OLIVT   ' , 'VGBOTTOM        ' , '10                                                              ' )
 INSERT [pos_ini] ( [posgroup] , [para] , [val] ) VALUES ( 'OLIVT   ' , 'VGNO_AUTO_ADD0  ' , 'OFF                                                             ' )
 INSERT [pos_ini] ( [posgroup] , [para] , [val] ) VALUES ( 'OLIVT   ' , 'VS_DEFPWD       ' , '1122334                                                         ' )
 INSERT [pos_ini] ( [posgroup] , [para] , [val] ) VALUES ( 'OLIVT   ' , 'VS_RET_MAX      ' , '5                                                               ' )
 INSERT [pos_ini] ( [posgroup] , [para] , [val] ) VALUES ( 'OLIVT   ' , 'VS_STYLE        ' , '1;11                                                            ' )
 INSERT [pos_ini] ( [posgroup] , [para] , [val] ) VALUES ( 'OLIVT   ' , 'WEL_INFO        ' , 'CRC SHOP                                                        ' )

 INSERT [pos_ini] ( [posgroup] , [para] , [val] ) VALUES ( 'BASIC   ' , 'CASH_LIMIT      ' , '1000                                                            ' )
 INSERT [pos_ini] ( [posgroup] , [para] , [val] ) VALUES ( 'OLIVT   ' , 'CASH_LIMIT      ' , '1000                                                            ' )


 INSERT [pos_ini] ( [posgroup] , [para] , [val] ) VALUES ( 'TRAIN   ' , 'AltPrice_NLIMIT ' , 'OFF                                                             ' )
 INSERT [pos_ini] ( [posgroup] , [para] , [val] ) VALUES ( 'TRAIN   ' , 'AMOUNT1         ' , '1                                                               ' )
 INSERT [pos_ini] ( [posgroup] , [para] , [val] ) VALUES ( 'TRAIN   ' , 'AMOUNT2         ' , '1                                                               ' )
 INSERT [pos_ini] ( [posgroup] , [para] , [val] ) VALUES ( 'TRAIN   ' , 'AUTH_AltMoney   ' , 'OFF                                                             ' )
 INSERT [pos_ini] ( [posgroup] , [para] , [val] ) VALUES ( 'TRAIN   ' , 'AUTH_AltPrice   ' , 'OFF                                                             ' )
 INSERT [pos_ini] ( [posgroup] , [para] , [val] ) VALUES ( 'TRAIN   ' , 'AUTH_BLANKTRAN  ' , 'OFF                                                             ' )
 INSERT [pos_ini] ( [posgroup] , [para] , [val] ) VALUES ( 'TRAIN   ' , 'AUTH_DiscMoney  ' , 'OFF                                                             ' )
 INSERT [pos_ini] ( [posgroup] , [para] , [val] ) VALUES ( 'TRAIN   ' , 'AUTH_Discount   ' , 'OFF                                                             ' )
 INSERT [pos_ini] ( [posgroup] , [para] , [val] ) VALUES ( 'TRAIN   ' , 'AUTH_DiscTotal  ' , 'OFF                                                             ' )
 INSERT [pos_ini] ( [posgroup] , [para] , [val] ) VALUES ( 'TRAIN   ' , 'AUTH_LASTPRINT  ' , 'OFF                                                             ' )
 INSERT [pos_ini] ( [posgroup] , [para] , [val] ) VALUES ( 'TRAIN   ' , 'AUTH_PRNREPORT  ' , 'OFF                                                             ' )
 INSERT [pos_ini] ( [posgroup] , [para] , [val] ) VALUES ( 'TRAIN   ' , 'AUTH_Return     ' , 'OFF                                                             ' )
 INSERT [pos_ini] ( [posgroup] , [para] , [val] ) VALUES ( 'TRAIN   ' , 'AUTH_SECONDNET  ' , 'ON                                                              ' )
 INSERT [pos_ini] ( [posgroup] , [para] , [val] ) VALUES ( 'TRAIN   ' , 'AUTH_VOIDITEM   ' , 'OFF                                                             ' )
 INSERT [pos_ini] ( [posgroup] , [para] , [val] ) VALUES ( 'TRAIN   ' , 'AUTODIAL        ' , 'ON                                                              ' )
 INSERT [pos_ini] ( [posgroup] , [para] , [val] ) VALUES ( 'TRAIN   ' , 'CARD_NAME       ' , '提货卡                                                          ' )
 INSERT [pos_ini] ( [posgroup] , [para] , [val] ) VALUES ( 'TRAIN   ' , 'CARDBAK_IP      ' , '168.161.1.1                                                     ' )
 INSERT [pos_ini] ( [posgroup] , [para] , [val] ) VALUES ( 'TRAIN   ' , 'CARDHOST_IP     ' , '168.161.1.1:9090                                                ' )
 INSERT [pos_ini] ( [posgroup] , [para] , [val] ) VALUES ( 'TRAIN   ' , 'CARDNO_ENCRYPT  ' , 'OFF                                                             ' )
 INSERT [pos_ini] ( [posgroup] , [para] , [val] ) VALUES ( 'TRAIN   ' , 'CASH_BAUDRATE   ' , '9600                                                            ' )
 INSERT [pos_ini] ( [posgroup] , [para] , [val] ) VALUES ( 'TRAIN   ' , 'CASH_BYTESIZE   ' , '8                                                               ' )
 INSERT [pos_ini] ( [posgroup] , [para] , [val] ) VALUES ( 'TRAIN   ' , 'CASH_DRIVERNAME ' , 'drv/RSCashDrawer_TM_U210                                        ' )
 INSERT [pos_ini] ( [posgroup] , [para] , [val] ) VALUES ( 'TRAIN   ' , 'CASH_FYCLASS    ' , 'com.royalstone.pos.services.factories.RSServiceInstanceFactory  ' )
 INSERT [pos_ini] ( [posgroup] , [para] , [val] ) VALUES ( 'TRAIN   ' , 'CASH_LIMIT      ' , '1000                                                            ' )
 INSERT [pos_ini] ( [posgroup] , [para] , [val] ) VALUES ( 'TRAIN   ' , 'CASH_PARITY     ' , '0                                                               ' )
 INSERT [pos_ini] ( [posgroup] , [para] , [val] ) VALUES ( 'TRAIN   ' , 'CASH_PORTNAME   ' , 'COM1                                                            ' )
 INSERT [pos_ini] ( [posgroup] , [para] , [val] ) VALUES ( 'TRAIN   ' , 'CASH_SERCLASS   ' , 'com.royalstone.pos.services.POSCashDrawer                       ' )
 INSERT [pos_ini] ( [posgroup] , [para] , [val] ) VALUES ( 'TRAIN   ' , 'CASH_STOPBITS   ' , '0                                                               ' )
 INSERT [pos_ini] ( [posgroup] , [para] , [val] ) VALUES ( 'TRAIN   ' , 'CD_TYPE         ' , 'KA13DRAW                                                        ' )
 INSERT [pos_ini] ( [posgroup] , [para] , [val] ) VALUES ( 'TRAIN   ' , 'CHANGE_PRICE    ' , 'OFF                                                             ' )
 INSERT [pos_ini] ( [posgroup] , [para] , [val] ) VALUES ( 'TRAIN   ' , 'CHK_CLOSE_DRAW  ' , 'OFF                                                             ' )
 INSERT [pos_ini] ( [posgroup] , [para] , [val] ) VALUES ( 'TRAIN   ' , 'CLEAR_POS       ' , 'ON                                                              ' )
 INSERT [pos_ini] ( [posgroup] , [para] , [val] ) VALUES ( 'TRAIN   ' , 'COUPON_CHECK    ' , 'OFF                                                             ' )
 INSERT [pos_ini] ( [posgroup] , [para] , [val] ) VALUES ( 'TRAIN   ' , 'CUTLINES        ' , '2                                                               ' )
 INSERT [pos_ini] ( [posgroup] , [para] , [val] ) VALUES ( 'TRAIN   ' , 'DISCOUNT_LAST   ' , 'ON                                                              ' )
 INSERT [pos_ini] ( [posgroup] , [para] , [val] ) VALUES ( 'TRAIN   ' , 'DISCROUND_SCHEMA' , 'ON                                                              ' )
 INSERT [pos_ini] ( [posgroup] , [para] , [val] ) VALUES ( 'TRAIN   ' , 'DISP_BAUDRATE   ' , '9600                                                            ' )
 INSERT [pos_ini] ( [posgroup] , [para] , [val] ) VALUES ( 'TRAIN   ' , 'DISP_BYTESIZE   ' , '8                                                               ' )
 INSERT [pos_ini] ( [posgroup] , [para] , [val] ) VALUES ( 'TRAIN   ' , 'DISP_DRIVERNAME ' , 'drv/RSVFD41_BA63G                                               ' )
 INSERT [pos_ini] ( [posgroup] , [para] , [val] ) VALUES ( 'TRAIN   ' , 'DISP_FYCLASS    ' , 'com.royalstone.pos.services.factories.RSServiceInstanceFactory  ' )
 INSERT [pos_ini] ( [posgroup] , [para] , [val] ) VALUES ( 'TRAIN   ' , 'DISP_PARITY     ' , '1                                                               ' )
 INSERT [pos_ini] ( [posgroup] , [para] , [val] ) VALUES ( 'TRAIN   ' , 'DISP_PORTNAME   ' , 'COM4                                                            ' )
 INSERT [pos_ini] ( [posgroup] , [para] , [val] ) VALUES ( 'TRAIN   ' , 'DISP_SERCLASS   ' , 'com.royalstone.pos.services.RSVFD                         ' )
 INSERT [pos_ini] ( [posgroup] , [para] , [val] ) VALUES ( 'TRAIN   ' , 'DISP_STOPBITS   ' , '0                                                               ' )
 INSERT [pos_ini] ( [posgroup] , [para] , [val] ) VALUES ( 'TRAIN   ' , 'EMPTY_OPEN_DRAW ' , 'OFF                                                             ' )
 INSERT [pos_ini] ( [posgroup] , [para] , [val] ) VALUES ( 'TRAIN   ' , 'EXE_DRIVER      ' , 'OFF                                                             ' )
 INSERT [pos_ini] ( [posgroup] , [para] , [val] ) VALUES ( 'TRAIN   ' , 'GOODSNO_VERIFY  ' , 'ON                                                              ' )
 INSERT [pos_ini] ( [posgroup] , [para] , [val] ) VALUES ( 'TRAIN   ' , 'HANGMAX         ' , '2                                                               ' )
 INSERT [pos_ini] ( [posgroup] , [para] , [val] ) VALUES ( 'TRAIN   ' , 'HD1_INFO        ' , '融通公司店                                                      ' )
 INSERT [pos_ini] ( [posgroup] , [para] , [val] ) VALUES ( 'TRAIN   ' , 'HD2_INFO        ' , 'WELCOME Royalstone SHOP                                         ' )
 INSERT [pos_ini] ( [posgroup] , [para] , [val] ) VALUES ( 'TRAIN   ' , 'HINT_AMOUNT     ' , '1000000                                                         ' )
 INSERT [pos_ini] ( [posgroup] , [para] , [val] ) VALUES ( 'TRAIN   ' , 'HINT_MONEY      ' , '1000000                                                         ' )
 INSERT [pos_ini] ( [posgroup] , [para] , [val] ) VALUES ( 'TRAIN   ' , 'IC_COMNO        ' , '0                                                               ' )
 INSERT [pos_ini] ( [posgroup] , [para] , [val] ) VALUES ( 'TRAIN   ' , 'ICPINLEN        ' , '7                                                               ' )
 INSERT [pos_ini] ( [posgroup] , [para] , [val] ) VALUES ( 'TRAIN   ' , 'ICPINSTART      ' , '64                                                              ' )
 INSERT [pos_ini] ( [posgroup] , [para] , [val] ) VALUES ( 'TRAIN   ' , 'IF_CHECK_AUTH   ' , 'ON                                                              ' )
 INSERT [pos_ini] ( [posgroup] , [para] , [val] ) VALUES ( 'TRAIN   ' , 'IF_COUPN_RET    ' , 'OFF                                                             ' )
 INSERT [pos_ini] ( [posgroup] , [para] , [val] ) VALUES ( 'TRAIN   ' , 'IF_CUT_ZERO     ' , 'OFF                                                             ' )
 INSERT [pos_ini] ( [posgroup] , [para] , [val] ) VALUES ( 'TRAIN   ' , 'IF_DECR_AUTH    ' , 'ON                                                              ' )
 INSERT [pos_ini] ( [posgroup] , [para] , [val] ) VALUES ( 'TRAIN   ' , 'IF_DISP_PROM    ' , 'ON                                                              ' )
 INSERT [pos_ini] ( [posgroup] , [para] , [val] ) VALUES ( 'TRAIN   ' , 'if_EscOpenDraw  ' , 'OFF                                                             ' )
 INSERT [pos_ini] ( [posgroup] , [para] , [val] ) VALUES ( 'TRAIN   ' , 'IF_HD_VGCD      ' , 'ON                                                              ' )
 INSERT [pos_ini] ( [posgroup] , [para] , [val] ) VALUES ( 'TRAIN   ' , 'IF_INCR_AUTH    ' , 'ON                                                              ' )
 INSERT [pos_ini] ( [posgroup] , [para] , [val] ) VALUES ( 'TRAIN   ' , 'IF_PRN_BM       ' , 'ON                                                              ' )
 INSERT [pos_ini] ( [posgroup] , [para] , [val] ) VALUES ( 'TRAIN   ' , 'IF_USE_VIP      ' , 'OFF                                                             ' )
 INSERT [pos_ini] ( [posgroup] , [para] , [val] ) VALUES ( 'TRAIN   ' , 'IFAUTH_CRPS     ' , 'ON                                                              ' )
 INSERT [pos_ini] ( [posgroup] , [para] , [val] ) VALUES ( 'TRAIN   ' , 'IFIC_ISVD       ' , 'ON                                                              ' )
 INSERT [pos_ini] ( [posgroup] , [para] , [val] ) VALUES ( 'TRAIN   ' , 'in_TaxTitle_line' , '0                                                               ' )
 INSERT [pos_ini] ( [posgroup] , [para] , [val] ) VALUES ( 'TRAIN   ' , 'INTERVAL        ' , '7                                                               ' )
 INSERT [pos_ini] ( [posgroup] , [para] , [val] ) VALUES ( 'TRAIN   ' , 'ISFASTLOAD      ' , 'ON                                                              ' )
 INSERT [pos_ini] ( [posgroup] , [para] , [val] ) VALUES ( 'TRAIN   ' , 'ISREALTIME      ' , 'ON                                                              ' )
 INSERT [pos_ini] ( [posgroup] , [para] , [val] ) VALUES ( 'TRAIN   ' , 'LEN_MEMBER      ' , '13                                                              ' )
 INSERT [pos_ini] ( [posgroup] , [para] , [val] ) VALUES ( 'TRAIN   ' , 'MAXAMOUNT       ' , '10000                                                           ' )
 INSERT [pos_ini] ( [posgroup] , [para] , [val] ) VALUES ( 'TRAIN   ' , 'MAXCASH         ' , '1000000                                                         ' )
 INSERT [pos_ini] ( [posgroup] , [para] , [val] ) VALUES ( 'TRAIN   ' , 'MaxCashAmount   ' , '10000                                                           ' )
 INSERT [pos_ini] ( [posgroup] , [para] , [val] ) VALUES ( 'TRAIN   ' , 'MAXDENOMINATION ' , '1000                                                            ' )
 INSERT [pos_ini] ( [posgroup] , [para] , [val] ) VALUES ( 'TRAIN   ' , 'MAXITEM         ' , '70                                                              ' )
 INSERT [pos_ini] ( [posgroup] , [para] , [val] ) VALUES ( 'TRAIN   ' , 'MAXVALUE        ' , '1000000                                                         ' )
 INSERT [pos_ini] ( [posgroup] , [para] , [val] ) VALUES ( 'TRAIN   ' , 'MBERPOINT_FLAG  ' , 'ON                                                              ' )
 INSERT [pos_ini] ( [posgroup] , [para] , [val] ) VALUES ( 'TRAIN   ' , 'MEM_PORT        ' , '4004                                                            ' )
 INSERT [pos_ini] ( [posgroup] , [para] , [val] ) VALUES ( 'TRAIN   ' , 'MEMCARD_VERIFY  ' , 'ON                                                              ' )
 INSERT [pos_ini] ( [posgroup] , [para] , [val] ) VALUES ( 'TRAIN   ' , 'MEMCD_HD_CHECK  ' , 'ON                                                              ' )
 INSERT [pos_ini] ( [posgroup] , [para] , [val] ) VALUES ( 'TRAIN   ' , 'MONEYCODE_UNIT  ' , '100                                                             ' )
 INSERT [pos_ini] ( [posgroup] , [para] , [val] ) VALUES ( 'TRAIN   ' , 'OFF_VFD         ' , 'OFF                                                             ' )
 INSERT [pos_ini] ( [posgroup] , [para] , [val] ) VALUES ( 'TRAIN   ' , 'POINT_MIN_MONEY ' , '0                                                               ' )
 INSERT [pos_ini] ( [posgroup] , [para] , [val] ) VALUES ( 'TRAIN   ' , 'POINT_ROUNDING  ' , 'OFF                                                             ' )
 INSERT [pos_ini] ( [posgroup] , [para] , [val] ) VALUES ( 'TRAIN   ' , 'PORT            ' , '4002                                                            ' )
 INSERT [pos_ini] ( [posgroup] , [para] , [val] ) VALUES ( 'TRAIN   ' , 'POSTYPE         ' , 'IBM                                                             ' )
 INSERT [pos_ini] ( [posgroup] , [para] , [val] ) VALUES ( 'TRAIN   ' , 'PREPRN_HEAD     ' , 'ON                                                              ' )
 INSERT [pos_ini] ( [posgroup] , [para] , [val] ) VALUES ( 'TRAIN   ' , 'PRICE_FLAG      ' , 'ON                                                              ' )
 INSERT [pos_ini] ( [posgroup] , [para] , [val] ) VALUES ( 'TRAIN   ' , 'PRICE_PORT      ' , '4001                                                            ' )
 INSERT [pos_ini] ( [posgroup] , [para] , [val] ) VALUES ( 'TRAIN   ' , 'PRINT_CURPOINT  ' , 'ON                                                              ' )
 INSERT [pos_ini] ( [posgroup] , [para] , [val] ) VALUES ( 'TRAIN   ' , 'PRINT_ONLINE    ' , 'OFF                                                             ' )
 INSERT [pos_ini] ( [posgroup] , [para] , [val] ) VALUES ( 'TRAIN   ' , 'PRINT_SUMPOINT  ' , 'OFF                                                             ' )
 INSERT [pos_ini] ( [posgroup] , [para] , [val] ) VALUES ( 'TRAIN   ' , 'PRINT_TALCOUNT  ' , 'OFF                                                             ' )
 INSERT [pos_ini] ( [posgroup] , [para] , [val] ) VALUES ( 'TRAIN   ' , 'PRN_BAUDRATE    ' , '9600                                                            ' )
 INSERT [pos_ini] ( [posgroup] , [para] , [val] ) VALUES ( 'TRAIN   ' , 'PRN_BYTESIZE    ' , '8                                                               ' )
 INSERT [pos_ini] ( [posgroup] , [para] , [val] ) VALUES ( 'TRAIN   ' , 'PRN_CARD_DETAIL ' , 'ON                                                              ' )
 INSERT [pos_ini] ( [posgroup] , [para] , [val] ) VALUES ( 'TRAIN   ' , 'PRN_DRIVERNAME  ' , 'drv/RSPrinter41_TM_U210                                         ' )
 INSERT [pos_ini] ( [posgroup] , [para] , [val] ) VALUES ( 'TRAIN   ' , 'PRN_FYCLASS     ' , '                                                                ' )
 INSERT [pos_ini] ( [posgroup] , [para] , [val] ) VALUES ( 'TRAIN   ' , 'PRN_GROUPNO     ' , 'OFF                                                             ' )
 INSERT [pos_ini] ( [posgroup] , [para] , [val] ) VALUES ( 'TRAIN   ' , 'PRN_PARITY      ' , '0                                                               ' )
 INSERT [pos_ini] ( [posgroup] , [para] , [val] ) VALUES ( 'TRAIN   ' , 'PRN_PORTNAME    ' , 'COM1                                                            ' )
 INSERT [pos_ini] ( [posgroup] , [para] , [val] ) VALUES ( 'TRAIN   ' , 'PRN_SERCLASS    ' , 'com.royalstone.pos.services.POSPrinter                          ' )
 INSERT [pos_ini] ( [posgroup] , [para] , [val] ) VALUES ( 'TRAIN   ' , 'PRN_STOPBITS    ' , '0                                                               ' )
 INSERT [pos_ini] ( [posgroup] , [para] , [val] ) VALUES ( 'TRAIN   ' , 'PRN_TYPE        ' , 'TM-U210A                                                        ' )
 INSERT [pos_ini] ( [posgroup] , [para] , [val] ) VALUES ( 'TRAIN   ' , 'PRNDetail_NFLAG ' , 'OFF                                                             ' )
 INSERT [pos_ini] ( [posgroup] , [para] , [val] ) VALUES ( 'TRAIN   ' , 'PROMACCU_FLAG   ' , 'ON                                                              ' )
 INSERT [pos_ini] ( [posgroup] , [para] , [val] ) VALUES ( 'TRAIN   ' , 'PROMPOINT_FLAG  ' , 'ON                                                              ' )
 INSERT [pos_ini] ( [posgroup] , [para] , [val] ) VALUES ( 'TRAIN   ' , 'RADIX_TYPE      ' , 'ON                                                              ' )
 INSERT [pos_ini] ( [posgroup] , [para] , [val] ) VALUES ( 'TRAIN   ' , 'RANDOM_LISTNO   ' , 'ON                                                              ' )
 INSERT [pos_ini] ( [posgroup] , [para] , [val] ) VALUES ( 'TRAIN   ' , 'RETURN_SAVECARD ' , 'OFF                                                             ' )
 INSERT [pos_ini] ( [posgroup] , [para] , [val] ) VALUES ( 'TRAIN   ' , 'ROUNDING_SCHEMA ' , 'OFF                                                             ' )
 INSERT [pos_ini] ( [posgroup] , [para] , [val] ) VALUES ( 'TRAIN   ' , 'SAVE_PORT       ' , '4006                                                            ' )
 INSERT [pos_ini] ( [posgroup] , [para] , [val] ) VALUES ( 'TRAIN   ' , 'SERIAL_FLAG     ' , 'OFF                                                             ' )
 INSERT [pos_ini] ( [posgroup] , [para] , [val] ) VALUES ( 'TRAIN   ' , 'SHC_WITHDRAW    ' , 'ON                                                              ' )
 INSERT [pos_ini] ( [posgroup] , [para] , [val] ) VALUES ( 'TRAIN   ' , 'SHOW_GOODSNO    ' , 'ON                                                              ' )
 INSERT [pos_ini] ( [posgroup] , [para] , [val] ) VALUES ( 'TRAIN   ' , 'SHOW_PLU        ' , 'ON                                                              ' )
 INSERT [pos_ini] ( [posgroup] , [para] , [val] ) VALUES ( 'TRAIN   ' , 'SHOW_VGNO       ' , 'ON                                                              ' )
 INSERT [pos_ini] ( [posgroup] , [para] , [val] ) VALUES ( 'TRAIN   ' , 'TALROUND_SCHEMA ' , 'OFF                                                             ' )
 INSERT [pos_ini] ( [posgroup] , [para] , [val] ) VALUES ( 'TRAIN   ' , 'Taxitem_oneline ' , 'OFF                                                             ' )
 INSERT [pos_ini] ( [posgroup] , [para] , [val] ) VALUES ( 'TRAIN   ' , 'TaxTitle_twoline' , 'OFF                                                             ' )
 INSERT [pos_ini] ( [posgroup] , [para] , [val] ) VALUES ( 'TRAIN   ' , 'TG_CARDTYPE     ' , '                                                                ' )
 INSERT [pos_ini] ( [posgroup] , [para] , [val] ) VALUES ( 'TRAIN   ' , 'TIMES           ' , '2                                                               ' )
 INSERT [pos_ini] ( [posgroup] , [para] , [val] ) VALUES ( 'TRAIN   ' , 'TL1_INFO        ' , '欢迎再次光临--服务电话:8888888                                  ' )
 INSERT [pos_ini] ( [posgroup] , [para] , [val] ) VALUES ( 'TRAIN   ' , 'TL2_INFO        ' , '请保留电脑小票，作为退换货凭证                                  ' )
 INSERT [pos_ini] ( [posgroup] , [para] , [val] ) VALUES ( 'TRAIN   ' , 'TL3_INFO        ' , '                                                                ' )
 INSERT [pos_ini] ( [posgroup] , [para] , [val] ) VALUES ( 'TRAIN   ' , 'TOTAL_LINE      ' , 'ON                                                              ' )
 INSERT [pos_ini] ( [posgroup] , [para] , [val] ) VALUES ( 'TRAIN   ' , 'TOTAL_PRN       ' , 'OFF                                                             ' )
 INSERT [pos_ini] ( [posgroup] , [para] , [val] ) VALUES ( 'TRAIN   ' , 'TOTAL_TITLE     ' , '兑换赠券金额合计                                                ' )
 INSERT [pos_ini] ( [posgroup] , [para] , [val] ) VALUES ( 'TRAIN   ' , 'TOTAL_TYPE      ' , 'CRVD                                                            ' )
 INSERT [pos_ini] ( [posgroup] , [para] , [val] ) VALUES ( 'TRAIN   ' , 'TOTAL_UNSALE    ' , 'ON                                                              ' )
 INSERT [pos_ini] ( [posgroup] , [para] , [val] ) VALUES ( 'TRAIN   ' , 'TX_FLAG         ' , 'OFF                                                             ' )
 INSERT [pos_ini] ( [posgroup] , [para] , [val] ) VALUES ( 'TRAIN   ' , 'USE_2CARD       ' , 'OFF                                                             ' )
 INSERT [pos_ini] ( [posgroup] , [para] , [val] ) VALUES ( 'TRAIN   ' , 'USE_TWO_DISC    ' , 'OFF                                                             ' )
 INSERT [pos_ini] ( [posgroup] , [para] , [val] ) VALUES ( 'TRAIN   ' , 'VFD_COM         ' , 'CDISP                                                           ' )
 INSERT [pos_ini] ( [posgroup] , [para] , [val] ) VALUES ( 'TRAIN   ' , 'VFD_TYPE        ' , 'BA63GVFD                                                        ' )
 INSERT [pos_ini] ( [posgroup] , [para] , [val] ) VALUES ( 'TRAIN   ' , 'VGBOTTOM        ' , '10                                                              ' )
 INSERT [pos_ini] ( [posgroup] , [para] , [val] ) VALUES ( 'TRAIN   ' , 'VGNO_AUTO_ADD0  ' , 'OFF                                                             ' )
 INSERT [pos_ini] ( [posgroup] , [para] , [val] ) VALUES ( 'TRAIN   ' , 'VS_DEFPWD       ' , '1122334                                                         ' )
 INSERT [pos_ini] ( [posgroup] , [para] , [val] ) VALUES ( 'TRAIN   ' , 'VS_RET_MAX      ' , '5                                                               ' )
 INSERT [pos_ini] ( [posgroup] , [para] , [val] ) VALUES ( 'TRAIN   ' , 'VS_STYLE        ' , '1;11                                                            ' )
 INSERT [pos_ini] ( [posgroup] , [para] , [val] ) VALUES ( 'TRAIN   ' , 'WEL_INFO        ' , 'CRC SHOP                                                        ' )
-----------

delete from keybd_cfg
 INSERT [keybd_cfg] ( [keybd_type] , [key_value] , [keymap_value] ) VALUES ( '101' , 27 , 82 )
 INSERT [keybd_cfg] ( [keybd_type] , [key_value] , [keymap_value] ) VALUES ( '101' , 32 , 71 )
 INSERT [keybd_cfg] ( [keybd_type] , [key_value] , [keymap_value] ) VALUES ( '101' , 44 , 123 )
 INSERT [keybd_cfg] ( [keybd_type] , [key_value] , [keymap_value] ) VALUES ( '101' , 45 , 200 )
 INSERT [keybd_cfg] ( [keybd_type] , [key_value] , [keymap_value] ) VALUES ( '101' , 65 , 85 )
 INSERT [keybd_cfg] ( [keybd_type] , [key_value] , [keymap_value] ) VALUES ( '101' , 66 , 70 )
 INSERT [keybd_cfg] ( [keybd_type] , [key_value] , [keymap_value] ) VALUES ( '101' , 70 , 126 )
 INSERT [keybd_cfg] ( [keybd_type] , [key_value] , [keymap_value] ) VALUES ( '101' , 73 , 88 )
 INSERT [keybd_cfg] ( [keybd_type] , [key_value] , [keymap_value] ) VALUES ( '101' , 75 , 66 )
 INSERT [keybd_cfg] ( [keybd_type] , [key_value] , [keymap_value] ) VALUES ( '101' , 76 , 71 )
 INSERT [keybd_cfg] ( [keybd_type] , [key_value] , [keymap_value] ) VALUES ( '101' , 77 , 125 )
 INSERT [keybd_cfg] ( [keybd_type] , [key_value] , [keymap_value] ) VALUES ( '101' , 78 , 41 )
 INSERT [keybd_cfg] ( [keybd_type] , [key_value] , [keymap_value] ) VALUES ( '101' , 79 , 89 )
 INSERT [keybd_cfg] ( [keybd_type] , [key_value] , [keymap_value] ) VALUES ( '101' , 80 , 72 )
 INSERT [keybd_cfg] ( [keybd_type] , [key_value] , [keymap_value] ) VALUES ( '101' , 81 , 69 )
 INSERT [keybd_cfg] ( [keybd_type] , [key_value] , [keymap_value] ) VALUES ( '101' , 83 , 83 )
 INSERT [keybd_cfg] ( [keybd_type] , [key_value] , [keymap_value] ) VALUES ( '101' , 86 , 38 )
 INSERT [keybd_cfg] ( [keybd_type] , [key_value] , [keymap_value] ) VALUES ( '101' , 87 , 75 )
 INSERT [keybd_cfg] ( [keybd_type] , [key_value] , [keymap_value] ) VALUES ( '101' , 88 , 60 )
 INSERT [keybd_cfg] ( [keybd_type] , [key_value] , [keymap_value] ) VALUES ( '101' , 90 , 62 )
 INSERT [keybd_cfg] ( [keybd_type] , [key_value] , [keymap_value] ) VALUES ( '101' , 91 , 124 )
 INSERT [keybd_cfg] ( [keybd_type] , [key_value] , [keymap_value] ) VALUES ( '101' , 93 , 73 )
 INSERT [keybd_cfg] ( [keybd_type] , [key_value] , [keymap_value] ) VALUES ( '101' , 112 , 96 )
 INSERT [keybd_cfg] ( [keybd_type] , [key_value] , [keymap_value] ) VALUES ( '101' , 113 , 78 )
 INSERT [keybd_cfg] ( [keybd_type] , [key_value] , [keymap_value] ) VALUES ( '101' , 117 , 99 )
 INSERT [keybd_cfg] ( [keybd_type] , [key_value] , [keymap_value] ) VALUES ( '101' , 118 , 98 )
 INSERT [keybd_cfg] ( [keybd_type] , [key_value] , [keymap_value] ) VALUES ( '101' , 119 , 59 )
 INSERT [keybd_cfg] ( [keybd_type] , [key_value] , [keymap_value] ) VALUES ( '101' , 120 , 43 )
 INSERT [keybd_cfg] ( [keybd_type] , [key_value] , [keymap_value] ) VALUES ( '101' , 121 , 84 )
 INSERT [keybd_cfg] ( [keybd_type] , [key_value] , [keymap_value] ) VALUES ( '101' , 122 , 77 )
 INSERT [keybd_cfg] ( [keybd_type] , [key_value] , [keymap_value] ) VALUES ( '101' , 192 , 68 )
 INSERT [keybd_cfg] ( [keybd_type] , [key_value] , [keymap_value] ) VALUES ( '66M' , 27 , 82 )
 INSERT [keybd_cfg] ( [keybd_type] , [key_value] , [keymap_value] ) VALUES ( '66M' , 32 , 88 )
 INSERT [keybd_cfg] ( [keybd_type] , [key_value] , [keymap_value] ) VALUES ( '66M' , 34 , 71 )
 INSERT [keybd_cfg] ( [keybd_type] , [key_value] , [keymap_value] ) VALUES ( '66M' , 35 , 10 )
 INSERT [keybd_cfg] ( [keybd_type] , [key_value] , [keymap_value] ) VALUES ( '66M' , 37 , 10 )
 INSERT [keybd_cfg] ( [keybd_type] , [key_value] , [keymap_value] ) VALUES ( '66M' , 39 , 126 )
 INSERT [keybd_cfg] ( [keybd_type] , [key_value] , [keymap_value] ) VALUES ( '66M' , 65 , 34 )
 INSERT [keybd_cfg] ( [keybd_type] , [key_value] , [keymap_value] ) VALUES ( '66M' , 66 , 74 )
 INSERT [keybd_cfg] ( [keybd_type] , [key_value] , [keymap_value] ) VALUES ( '66M' , 67 , 75 )
 INSERT [keybd_cfg] ( [keybd_type] , [key_value] , [keymap_value] ) VALUES ( '66M' , 71 , 38 )
 INSERT [keybd_cfg] ( [keybd_type] , [key_value] , [keymap_value] ) VALUES ( '66M' , 72 , 67 )
 INSERT [keybd_cfg] ( [keybd_type] , [key_value] , [keymap_value] ) VALUES ( '66M' , 73 , 73 )
 INSERT [keybd_cfg] ( [keybd_type] , [key_value] , [keymap_value] ) VALUES ( '66M' , 74 , 68 )
 INSERT [keybd_cfg] ( [keybd_type] , [key_value] , [keymap_value] ) VALUES ( '66M' , 75 , 69 )
 INSERT [keybd_cfg] ( [keybd_type] , [key_value] , [keymap_value] ) VALUES ( '66M' , 77 , 8 )
 INSERT [keybd_cfg] ( [keybd_type] , [key_value] , [keymap_value] ) VALUES ( '66M' , 78 , 66 )
 INSERT [keybd_cfg] ( [keybd_type] , [key_value] , [keymap_value] ) VALUES ( '66M' , 79 , 70 )
 INSERT [keybd_cfg] ( [keybd_type] , [key_value] , [keymap_value] ) VALUES ( '66M' , 80 , 123 )
 INSERT [keybd_cfg] ( [keybd_type] , [key_value] , [keymap_value] ) VALUES ( '66M' , 81 , 41 )
 INSERT [keybd_cfg] ( [keybd_type] , [key_value] , [keymap_value] ) VALUES ( '66M' , 83 , 125 )
 INSERT [keybd_cfg] ( [keybd_type] , [key_value] , [keymap_value] ) VALUES ( '66M' , 86 , 77 )
 INSERT [keybd_cfg] ( [keybd_type] , [key_value] , [keymap_value] ) VALUES ( '66M' , 87 , 85 )
 INSERT [keybd_cfg] ( [keybd_type] , [key_value] , [keymap_value] ) VALUES ( '66M' , 88 , 88 )
 INSERT [keybd_cfg] ( [keybd_type] , [key_value] , [keymap_value] ) VALUES ( '66M' , 90 , 124 )
 INSERT [keybd_cfg] ( [keybd_type] , [key_value] , [keymap_value] ) VALUES ( '66M' , 112 , 43 )
 INSERT [keybd_cfg] ( [keybd_type] , [key_value] , [keymap_value] ) VALUES ( '66M' , 113 , 84 )
 INSERT [keybd_cfg] ( [keybd_type] , [key_value] , [keymap_value] ) VALUES ( '66M' , 114 , 92 )
 INSERT [keybd_cfg] ( [keybd_type] , [key_value] , [keymap_value] ) VALUES ( '66M' , 115 , 78 )
 INSERT [keybd_cfg] ( [keybd_type] , [key_value] , [keymap_value] ) VALUES ( '66M' , 117 , 62 )
 INSERT [keybd_cfg] ( [keybd_type] , [key_value] , [keymap_value] ) VALUES ( '66M' , 118 , 60 )
 INSERT [keybd_cfg] ( [keybd_type] , [key_value] , [keymap_value] ) VALUES ( '66M' , 120 , 70 )
 INSERT [keybd_cfg] ( [keybd_type] , [key_value] , [keymap_value] ) VALUES ( 'B01' , 17 , 62 )
 INSERT [keybd_cfg] ( [keybd_type] , [key_value] , [keymap_value] ) VALUES ( 'B01' , 18 , 60 )
 INSERT [keybd_cfg] ( [keybd_type] , [key_value] , [keymap_value] ) VALUES ( 'B01' , 27 , 82 )
 INSERT [keybd_cfg] ( [keybd_type] , [key_value] , [keymap_value] ) VALUES ( 'B01' , 33 , 78 )
 INSERT [keybd_cfg] ( [keybd_type] , [key_value] , [keymap_value] ) VALUES ( 'B01' , 34 , 84 )
 INSERT [keybd_cfg] ( [keybd_type] , [key_value] , [keymap_value] ) VALUES ( 'B01' , 35 , 67 )
 INSERT [keybd_cfg] ( [keybd_type] , [key_value] , [keymap_value] ) VALUES ( 'B01' , 36 , 73 )
 INSERT [keybd_cfg] ( [keybd_type] , [key_value] , [keymap_value] ) VALUES ( 'B01' , 39 , 125 )
 INSERT [keybd_cfg] ( [keybd_type] , [key_value] , [keymap_value] ) VALUES ( 'B01' , 45 , 96 )
 INSERT [keybd_cfg] ( [keybd_type] , [key_value] , [keymap_value] ) VALUES ( 'B01' , 65 , 69 )
 INSERT [keybd_cfg] ( [keybd_type] , [key_value] , [keymap_value] ) VALUES ( 'B01' , 66 , 85 )
 INSERT [keybd_cfg] ( [keybd_type] , [key_value] , [keymap_value] ) VALUES ( 'B01' , 67 , 71 )
 INSERT [keybd_cfg] ( [keybd_type] , [key_value] , [keymap_value] ) VALUES ( 'B01' , 70 , 88 )
 INSERT [keybd_cfg] ( [keybd_type] , [key_value] , [keymap_value] ) VALUES ( 'B01' , 71 , 38 )
 INSERT [keybd_cfg] ( [keybd_type] , [key_value] , [keymap_value] ) VALUES ( 'B01' , 72 , 89 )
 INSERT [keybd_cfg] ( [keybd_type] , [key_value] , [keymap_value] ) VALUES ( 'B01' , 73 , 43 )
 INSERT [keybd_cfg] ( [keybd_type] , [key_value] , [keymap_value] ) VALUES ( 'B01' , 74 , 70 )
 INSERT [keybd_cfg] ( [keybd_type] , [key_value] , [keymap_value] ) VALUES ( 'B01' , 75 , 41 )
 INSERT [keybd_cfg] ( [keybd_type] , [key_value] , [keymap_value] ) VALUES ( 'B01' , 76 , 123 )
 INSERT [keybd_cfg] ( [keybd_type] , [key_value] , [keymap_value] ) VALUES ( 'B01' , 78 , 99 )
 INSERT [keybd_cfg] ( [keybd_type] , [key_value] , [keymap_value] ) VALUES ( 'B01' , 79 , 84 )
 INSERT [keybd_cfg] ( [keybd_type] , [key_value] , [keymap_value] ) VALUES ( 'B01' , 80 , 77 )
 INSERT [keybd_cfg] ( [keybd_type] , [key_value] , [keymap_value] ) VALUES ( 'B01' , 81 , 68 )
 INSERT [keybd_cfg] ( [keybd_type] , [key_value] , [keymap_value] ) VALUES ( 'B01' , 82 , 66 )
 INSERT [keybd_cfg] ( [keybd_type] , [key_value] , [keymap_value] ) VALUES ( 'B01' , 83 , 126 )
 INSERT [keybd_cfg] ( [keybd_type] , [key_value] , [keymap_value] ) VALUES ( 'B01' , 84 , 72 )
 INSERT [keybd_cfg] ( [keybd_type] , [key_value] , [keymap_value] ) VALUES ( 'B01' , 85 , 73 )
 INSERT [keybd_cfg] ( [keybd_type] , [key_value] , [keymap_value] ) VALUES ( 'B01' , 86 , 79 )
 INSERT [keybd_cfg] ( [keybd_type] , [key_value] , [keymap_value] ) VALUES ( 'B01' , 87 , 75 )
 INSERT [keybd_cfg] ( [keybd_type] , [key_value] , [keymap_value] ) VALUES ( 'B01' , 89 , 124 )
 INSERT [keybd_cfg] ( [keybd_type] , [key_value] , [keymap_value] ) VALUES ( 'B01' , 90 , 83 )
 INSERT [keybd_cfg] ( [keybd_type] , [key_value] , [keymap_value] ) VALUES ( 'B01' , 91 , 98 )
 INSERT [keybd_cfg] ( [keybd_type] , [key_value] , [keymap_value] ) VALUES ( 'B01' , 92 , 78 )
 INSERT [keybd_cfg] ( [keybd_type] , [key_value] , [keymap_value] ) VALUES ( 'B01' , 93 , 97 )
 INSERT [keybd_cfg] ( [keybd_type] , [key_value] , [keymap_value] ) VALUES ( 'B01' , 96 , 48 )
 INSERT [keybd_cfg] ( [keybd_type] , [key_value] , [keymap_value] ) VALUES ( 'B01' , 97 , 49 )
 INSERT [keybd_cfg] ( [keybd_type] , [key_value] , [keymap_value] ) VALUES ( 'B01' , 98 , 50 )
 INSERT [keybd_cfg] ( [keybd_type] , [key_value] , [keymap_value] ) VALUES ( 'B01' , 99 , 51 )
 INSERT [keybd_cfg] ( [keybd_type] , [key_value] , [keymap_value] ) VALUES ( 'B01' , 100 , 52 )
 INSERT [keybd_cfg] ( [keybd_type] , [key_value] , [keymap_value] ) VALUES ( 'B01' , 101 , 53 )
 INSERT [keybd_cfg] ( [keybd_type] , [key_value] , [keymap_value] ) VALUES ( 'B01' , 102 , 54 )
 INSERT [keybd_cfg] ( [keybd_type] , [key_value] , [keymap_value] ) VALUES ( 'B01' , 103 , 55 )
 INSERT [keybd_cfg] ( [keybd_type] , [key_value] , [keymap_value] ) VALUES ( 'B01' , 104 , 56 )
 INSERT [keybd_cfg] ( [keybd_type] , [key_value] , [keymap_value] ) VALUES ( 'B01' , 105 , 57 )
 INSERT [keybd_cfg] ( [keybd_type] , [key_value] , [keymap_value] ) VALUES ( 'B01' , 109 , 96 )
 INSERT [keybd_cfg] ( [keybd_type] , [key_value] , [keymap_value] ) VALUES ( 'B01' , 112 , 62 )
 INSERT [keybd_cfg] ( [keybd_type] , [key_value] , [keymap_value] ) VALUES ( 'B01' , 113 , 60 )
 INSERT [keybd_cfg] ( [keybd_type] , [key_value] , [keymap_value] ) VALUES ( 'B01' , 114 , 67 )
 INSERT [keybd_cfg] ( [keybd_type] , [key_value] , [keymap_value] ) VALUES ( 'B01' , 115 , 73 )
 INSERT [keybd_cfg] ( [keybd_type] , [key_value] , [keymap_value] ) VALUES ( 'B01' , 116 , 72 )
 INSERT [keybd_cfg] ( [keybd_type] , [key_value] , [keymap_value] ) VALUES ( 'B01' , 117 , 38 )
 INSERT [keybd_cfg] ( [keybd_type] , [key_value] , [keymap_value] ) VALUES ( 'B01' , 118 , 89 )
 INSERT [keybd_cfg] ( [keybd_type] , [key_value] , [keymap_value] ) VALUES ( 'B01' , 119 , 70 )
 INSERT [keybd_cfg] ( [keybd_type] , [key_value] , [keymap_value] ) VALUES ( 'B01' , 120 , 43 )
 INSERT [keybd_cfg] ( [keybd_type] , [key_value] , [keymap_value] ) VALUES ( 'B01' , 155 , 38 )
 INSERT [keybd_cfg] ( [keybd_type] , [key_value] , [keymap_value] ) VALUES ( 'B01' , 214 , 84 )
 INSERT [keybd_cfg] ( [keybd_type] , [key_value] , [keymap_value] ) VALUES ( 'B01' , 217 , 66 )
 INSERT [keybd_cfg] ( [keybd_type] , [key_value] , [keymap_value] ) VALUES ( 'B01' , 218 , 71 )
 INSERT [keybd_cfg] ( [keybd_type] , [key_value] , [keymap_value] ) VALUES ( 'B01' , 219 , 84 )
 INSERT [keybd_cfg] ( [keybd_type] , [key_value] , [keymap_value] ) VALUES ( 'B01' , 222 , 78 )
 INSERT [keybd_cfg] ( [keybd_type] , [key_value] , [keymap_value] ) VALUES ( 'I95' , 17 , 72 )
 INSERT [keybd_cfg] ( [keybd_type] , [key_value] , [keymap_value] ) VALUES ( 'I95' , 27 , 82 )
 INSERT [keybd_cfg] ( [keybd_type] , [key_value] , [keymap_value] ) VALUES ( 'I95' , 32 , 83 )
 INSERT [keybd_cfg] ( [keybd_type] , [key_value] , [keymap_value] ) VALUES ( 'I95' , 37 , 79 )
 INSERT [keybd_cfg] ( [keybd_type] , [key_value] , [keymap_value] ) VALUES ( 'I95' , 39 , 125 )
 INSERT [keybd_cfg] ( [keybd_type] , [key_value] , [keymap_value] ) VALUES ( 'I95' , 41 , 40 )
 INSERT [keybd_cfg] ( [keybd_type] , [key_value] , [keymap_value] ) VALUES ( 'I95' , 42 , 72 )
 INSERT [keybd_cfg] ( [keybd_type] , [key_value] , [keymap_value] ) VALUES ( 'I95' , 45 , 10 )
 INSERT [keybd_cfg] ( [keybd_type] , [key_value] , [keymap_value] ) VALUES ( 'I95' , 46 , 46 )
 INSERT [keybd_cfg] ( [keybd_type] , [key_value] , [keymap_value] ) VALUES ( 'I95' , 64 , 125 )
 INSERT [keybd_cfg] ( [keybd_type] , [key_value] , [keymap_value] ) VALUES ( 'I95' , 65 , 85 )
 INSERT [keybd_cfg] ( [keybd_type] , [key_value] , [keymap_value] ) VALUES ( 'I95' , 66 , 96 )
 INSERT [keybd_cfg] ( [keybd_type] , [key_value] , [keymap_value] ) VALUES ( 'I95' , 67 , 78 )
 INSERT [keybd_cfg] ( [keybd_type] , [key_value] , [keymap_value] ) VALUES ( 'I95' , 69 , 62 )
 INSERT [keybd_cfg] ( [keybd_type] , [key_value] , [keymap_value] ) VALUES ( 'I95' , 70 , 60 )
 INSERT [keybd_cfg] ( [keybd_type] , [key_value] , [keymap_value] ) VALUES ( 'I95' , 71 , 99 )
 INSERT [keybd_cfg] ( [keybd_type] , [key_value] , [keymap_value] ) VALUES ( 'I95' , 72 , 98 )
 INSERT [keybd_cfg] ( [keybd_type] , [key_value] , [keymap_value] ) VALUES ( 'I95' , 73 , 97 )
 INSERT [keybd_cfg] ( [keybd_type] , [key_value] , [keymap_value] ) VALUES ( 'I95' , 74 , 68 )
 INSERT [keybd_cfg] ( [keybd_type] , [key_value] , [keymap_value] ) VALUES ( 'I95' , 75 , 75 )
 INSERT [keybd_cfg] ( [keybd_type] , [key_value] , [keymap_value] ) VALUES ( 'I95' , 81 , 67 )
 INSERT [keybd_cfg] ( [keybd_type] , [key_value] , [keymap_value] ) VALUES ( 'I95' , 82 , 40 )
 INSERT [keybd_cfg] ( [keybd_type] , [key_value] , [keymap_value] ) VALUES ( 'I95' , 83 , 69 )
 INSERT [keybd_cfg] ( [keybd_type] , [key_value] , [keymap_value] ) VALUES ( 'I95' , 84 , 126 )
 INSERT [keybd_cfg] ( [keybd_type] , [key_value] , [keymap_value] ) VALUES ( 'I95' , 86 , 10 )
 INSERT [keybd_cfg] ( [keybd_type] , [key_value] , [keymap_value] ) VALUES ( 'I95' , 87 , 71 )
 INSERT [keybd_cfg] ( [keybd_type] , [key_value] , [keymap_value] ) VALUES ( 'I95' , 89 , 88 )
 INSERT [keybd_cfg] ( [keybd_type] , [key_value] , [keymap_value] ) VALUES ( 'I95' , 90 , 88 )
 INSERT [keybd_cfg] ( [keybd_type] , [key_value] , [keymap_value] ) VALUES ( 'I95' , 91 , 66 )
 INSERT [keybd_cfg] ( [keybd_type] , [key_value] , [keymap_value] ) VALUES ( 'I95' , 92 , 10 )
 INSERT [keybd_cfg] ( [keybd_type] , [key_value] , [keymap_value] ) VALUES ( 'I95' , 93 , 38 )
 INSERT [keybd_cfg] ( [keybd_type] , [key_value] , [keymap_value] ) VALUES ( 'I95' , 94 , 84 )
 INSERT [keybd_cfg] ( [keybd_type] , [key_value] , [keymap_value] ) VALUES ( 'I95' , 97 , 89 )
 INSERT [keybd_cfg] ( [keybd_type] , [key_value] , [keymap_value] ) VALUES ( 'I95' , 98 , 70 )
 INSERT [keybd_cfg] ( [keybd_type] , [key_value] , [keymap_value] ) VALUES ( 'I95' , 102 , 41 )
 INSERT [keybd_cfg] ( [keybd_type] , [key_value] , [keymap_value] ) VALUES ( 'I95' , 104 , 123 )
 INSERT [keybd_cfg] ( [keybd_type] , [key_value] , [keymap_value] ) VALUES ( 'I95' , 112 , 43 )
 INSERT [keybd_cfg] ( [keybd_type] , [key_value] , [keymap_value] ) VALUES ( 'I95' , 113 , 84 )
 INSERT [keybd_cfg] ( [keybd_type] , [key_value] , [keymap_value] ) VALUES ( 'I95' , 114 , 77 )
 INSERT [keybd_cfg] ( [keybd_type] , [key_value] , [keymap_value] ) VALUES ( 'I95' , 118 , 72 )
 INSERT [keybd_cfg] ( [keybd_type] , [key_value] , [keymap_value] ) VALUES ( 'I95' , 119 , 67 )
 INSERT [keybd_cfg] ( [keybd_type] , [key_value] , [keymap_value] ) VALUES ( 'I95' , 120 , 73 )
 INSERT [keybd_cfg] ( [keybd_type] , [key_value] , [keymap_value] ) VALUES ( 'I95' , 213 , 123 )
 INSERT [keybd_cfg] ( [keybd_type] , [key_value] , [keymap_value] ) VALUES ( 'I95' , 218 , 77 )
 INSERT [keybd_cfg] ( [keybd_type] , [key_value] , [keymap_value] ) VALUES ( 'IBM' , 16 , 89 )
 INSERT [keybd_cfg] ( [keybd_type] , [key_value] , [keymap_value] ) VALUES ( 'IBM' , 18 , 67 )
 INSERT [keybd_cfg] ( [keybd_type] , [key_value] , [keymap_value] ) VALUES ( 'IBM' , 27 , 82 )
 INSERT [keybd_cfg] ( [keybd_type] , [key_value] , [keymap_value] ) VALUES ( 'IBM' , 32 , 88 )
 INSERT [keybd_cfg] ( [keybd_type] , [key_value] , [keymap_value] ) VALUES ( 'IBM' , 67 , 126 )
 INSERT [keybd_cfg] ( [keybd_type] , [key_value] , [keymap_value] ) VALUES ( 'IBM' , 69 , 38 )
 INSERT [keybd_cfg] ( [keybd_type] , [key_value] , [keymap_value] ) VALUES ( 'IBM' , 70 , 70 )
 INSERT [keybd_cfg] ( [keybd_type] , [key_value] , [keymap_value] ) VALUES ( 'IBM' , 72 , 62 )
 INSERT [keybd_cfg] ( [keybd_type] , [key_value] , [keymap_value] ) VALUES ( 'IBM' , 74 , 98 )
 INSERT [keybd_cfg] ( [keybd_type] , [key_value] , [keymap_value] ) VALUES ( 'IBM' , 75 , 85 )
 INSERT [keybd_cfg] ( [keybd_type] , [key_value] , [keymap_value] ) VALUES ( 'IBM' , 76 , 75 )
 INSERT [keybd_cfg] ( [keybd_type] , [key_value] , [keymap_value] ) VALUES ( 'IBM' , 78 , 99 )
 INSERT [keybd_cfg] ( [keybd_type] , [key_value] , [keymap_value] ) VALUES ( 'IBM' , 80 , 69 )
 INSERT [keybd_cfg] ( [keybd_type] , [key_value] , [keymap_value] ) VALUES ( 'IBM' , 82 , 84 )
 INSERT [keybd_cfg] ( [keybd_type] , [key_value] , [keymap_value] ) VALUES ( 'IBM' , 83 , 60 )
 INSERT [keybd_cfg] ( [keybd_type] , [key_value] , [keymap_value] ) VALUES ( 'IBM' , 84 , 77 )
 INSERT [keybd_cfg] ( [keybd_type] , [key_value] , [keymap_value] ) VALUES ( 'IBM' , 85 , 73 )
 INSERT [keybd_cfg] ( [keybd_type] , [key_value] , [keymap_value] ) VALUES ( 'IBM' , 87 , 78 )
 INSERT [keybd_cfg] ( [keybd_type] , [key_value] , [keymap_value] ) VALUES ( 'IBM' , 89 , 96 )
 INSERT [keybd_cfg] ( [keybd_type] , [key_value] , [keymap_value] ) VALUES ( 'IBM' , 96 , 48 )
 INSERT [keybd_cfg] ( [keybd_type] , [key_value] , [keymap_value] ) VALUES ( 'IBM' , 97 , 49 )
 INSERT [keybd_cfg] ( [keybd_type] , [key_value] , [keymap_value] ) VALUES ( 'IBM' , 98 , 50 )
 INSERT [keybd_cfg] ( [keybd_type] , [key_value] , [keymap_value] ) VALUES ( 'IBM' , 99 , 51 )
 INSERT [keybd_cfg] ( [keybd_type] , [key_value] , [keymap_value] ) VALUES ( 'IBM' , 100 , 52 )
 INSERT [keybd_cfg] ( [keybd_type] , [key_value] , [keymap_value] ) VALUES ( 'IBM' , 101 , 53 )
 INSERT [keybd_cfg] ( [keybd_type] , [key_value] , [keymap_value] ) VALUES ( 'IBM' , 102 , 54 )
 INSERT [keybd_cfg] ( [keybd_type] , [key_value] , [keymap_value] ) VALUES ( 'IBM' , 103 , 55 )
 INSERT [keybd_cfg] ( [keybd_type] , [key_value] , [keymap_value] ) VALUES ( 'IBM' , 104 , 56 )
 INSERT [keybd_cfg] ( [keybd_type] , [key_value] , [keymap_value] ) VALUES ( 'IBM' , 105 , 57 )
 INSERT [keybd_cfg] ( [keybd_type] , [key_value] , [keymap_value] ) VALUES ( 'IBM' , 112 , 83 )
 INSERT [keybd_cfg] ( [keybd_type] , [key_value] , [keymap_value] ) VALUES ( 'IBM' , 117 , 126 )
 INSERT [keybd_cfg] ( [keybd_type] , [key_value] , [keymap_value] ) VALUES ( 'IBM' , 118 , 66 )
 INSERT [keybd_cfg] ( [keybd_type] , [key_value] , [keymap_value] ) VALUES ( 'IBM' , 119 , 10 )
 INSERT [keybd_cfg] ( [keybd_type] , [key_value] , [keymap_value] ) VALUES ( 'IBM' , 120 , 68 )
 INSERT [keybd_cfg] ( [keybd_type] , [key_value] , [keymap_value] ) VALUES ( 'IBM' , 122 , 71 )
 INSERT [keybd_cfg] ( [keybd_type] , [key_value] , [keymap_value] ) VALUES ( 'NCR' , 27 , 82 )
 INSERT [keybd_cfg] ( [keybd_type] , [key_value] , [keymap_value] ) VALUES ( 'NCR' , 32 , 88 )
 INSERT [keybd_cfg] ( [keybd_type] , [key_value] , [keymap_value] ) VALUES ( 'NCR' , 33 , 69 )
 INSERT [keybd_cfg] ( [keybd_type] , [key_value] , [keymap_value] ) VALUES ( 'NCR' , 34 , 85 )
 INSERT [keybd_cfg] ( [keybd_type] , [key_value] , [keymap_value] ) VALUES ( 'NCR' , 35 , 10 )
 INSERT [keybd_cfg] ( [keybd_type] , [key_value] , [keymap_value] ) VALUES ( 'NCR' , 36 , 62 )
 INSERT [keybd_cfg] ( [keybd_type] , [key_value] , [keymap_value] ) VALUES ( 'NCR' , 37 , 127 )
 INSERT [keybd_cfg] ( [keybd_type] , [key_value] , [keymap_value] ) VALUES ( 'NCR' , 39 , 40 )
 INSERT [keybd_cfg] ( [keybd_type] , [key_value] , [keymap_value] ) VALUES ( 'NCR' , 42 , 97 )
 INSERT [keybd_cfg] ( [keybd_type] , [key_value] , [keymap_value] ) VALUES ( 'NCR' , 47 , 98 )
 INSERT [keybd_cfg] ( [keybd_type] , [key_value] , [keymap_value] ) VALUES ( 'NCR' , 65 , 96 )
 INSERT [keybd_cfg] ( [keybd_type] , [key_value] , [keymap_value] ) VALUES ( 'NCR' , 66 , 78 )
 INSERT [keybd_cfg] ( [keybd_type] , [key_value] , [keymap_value] ) VALUES ( 'NCR' , 71 , 75 )
 INSERT [keybd_cfg] ( [keybd_type] , [key_value] , [keymap_value] ) VALUES ( 'NCR' , 74 , 8 )
 INSERT [keybd_cfg] ( [keybd_type] , [key_value] , [keymap_value] ) VALUES ( 'NCR' , 75 , 41 )
 INSERT [keybd_cfg] ( [keybd_type] , [key_value] , [keymap_value] ) VALUES ( 'NCR' , 76 , 126 )
 INSERT [keybd_cfg] ( [keybd_type] , [key_value] , [keymap_value] ) VALUES ( 'NCR' , 79 , 88 )
 INSERT [keybd_cfg] ( [keybd_type] , [key_value] , [keymap_value] ) VALUES ( 'NCR' , 80 , 10 )
 INSERT [keybd_cfg] ( [keybd_type] , [key_value] , [keymap_value] ) VALUES ( 'NCR' , 81 , 83 )
 INSERT [keybd_cfg] ( [keybd_type] , [key_value] , [keymap_value] ) VALUES ( 'NCR' , 84 , 71 )
 INSERT [keybd_cfg] ( [keybd_type] , [key_value] , [keymap_value] ) VALUES ( 'NCR' , 85 , 99 )
 INSERT [keybd_cfg] ( [keybd_type] , [key_value] , [keymap_value] ) VALUES ( 'NCR' , 86 , 60 )
 INSERT [keybd_cfg] ( [keybd_type] , [key_value] , [keymap_value] ) VALUES ( 'NCR' , 89 , 71 )
 INSERT [keybd_cfg] ( [keybd_type] , [key_value] , [keymap_value] ) VALUES ( 'NCR' , 90 , 66 )
 INSERT [keybd_cfg] ( [keybd_type] , [key_value] , [keymap_value] ) VALUES ( 'NCR' , 93 , 200 )
 INSERT [keybd_cfg] ( [keybd_type] , [key_value] , [keymap_value] ) VALUES ( 'NCR' , 106 , 97 )
 INSERT [keybd_cfg] ( [keybd_type] , [key_value] , [keymap_value] ) VALUES ( 'NCR' , 107 , 72 )
 INSERT [keybd_cfg] ( [keybd_type] , [key_value] , [keymap_value] ) VALUES ( 'NCR' , 109 , 43 )
 INSERT [keybd_cfg] ( [keybd_type] , [key_value] , [keymap_value] ) VALUES ( 'NCR' , 111 , 98 )
 INSERT [keybd_cfg] ( [keybd_type] , [key_value] , [keymap_value] ) VALUES ( 'NCR' , 112 , 66 )
 INSERT [keybd_cfg] ( [keybd_type] , [key_value] , [keymap_value] ) VALUES ( 'NCR' , 113 , 38 )
 INSERT [keybd_cfg] ( [keybd_type] , [key_value] , [keymap_value] ) VALUES ( 'NCR' , 114 , 84 )
 INSERT [keybd_cfg] ( [keybd_type] , [key_value] , [keymap_value] ) VALUES ( 'NCR' , 115 , 122 )
 INSERT [keybd_cfg] ( [keybd_type] , [key_value] , [keymap_value] ) VALUES ( 'NCR' , 116 , 124 )
 INSERT [keybd_cfg] ( [keybd_type] , [key_value] , [keymap_value] ) VALUES ( 'NCR' , 117 , 73 )
 INSERT [keybd_cfg] ( [keybd_type] , [key_value] , [keymap_value] ) VALUES ( 'NCR' , 118 , 89 )
 INSERT [keybd_cfg] ( [keybd_type] , [key_value] , [keymap_value] ) VALUES ( 'NCR' , 119 , 70 )
 INSERT [keybd_cfg] ( [keybd_type] , [key_value] , [keymap_value] ) VALUES ( 'NCR' , 127 , 10 )
 INSERT [keybd_cfg] ( [keybd_type] , [key_value] , [keymap_value] ) VALUES ( 'NCR' , 155 , 68 )
 INSERT [keybd_cfg] ( [keybd_type] , [key_value] , [keymap_value] ) VALUES ( 'RH ' , 27 , 82 )
 INSERT [keybd_cfg] ( [keybd_type] , [key_value] , [keymap_value] ) VALUES ( 'RH ' , 32 , 88 )
 INSERT [keybd_cfg] ( [keybd_type] , [key_value] , [keymap_value] ) VALUES ( 'RH ' , 33 , 38 )
 INSERT [keybd_cfg] ( [keybd_type] , [key_value] , [keymap_value] ) VALUES ( 'RH ' , 34 , 72 )
 INSERT [keybd_cfg] ( [keybd_type] , [key_value] , [keymap_value] ) VALUES ( 'RH ' , 35 , 62 )
 INSERT [keybd_cfg] ( [keybd_type] , [key_value] , [keymap_value] ) VALUES ( 'RH ' , 36 , 70 )
 INSERT [keybd_cfg] ( [keybd_type] , [key_value] , [keymap_value] ) VALUES ( 'RH ' , 37 , 75 )
 INSERT [keybd_cfg] ( [keybd_type] , [key_value] , [keymap_value] ) VALUES ( 'RH ' , 39 , 71 )
 INSERT [keybd_cfg] ( [keybd_type] , [key_value] , [keymap_value] ) VALUES ( 'RH ' , 42 , 66 )
 INSERT [keybd_cfg] ( [keybd_type] , [key_value] , [keymap_value] ) VALUES ( 'RH ' , 46 , 46 )
 INSERT [keybd_cfg] ( [keybd_type] , [key_value] , [keymap_value] ) VALUES ( 'RH ' , 96 , 48 )
 INSERT [keybd_cfg] ( [keybd_type] , [key_value] , [keymap_value] ) VALUES ( 'RH ' , 97 , 49 )
 INSERT [keybd_cfg] ( [keybd_type] , [key_value] , [keymap_value] ) VALUES ( 'RH ' , 98 , 50 )
 INSERT [keybd_cfg] ( [keybd_type] , [key_value] , [keymap_value] ) VALUES ( 'RH ' , 99 , 51 )
 INSERT [keybd_cfg] ( [keybd_type] , [key_value] , [keymap_value] ) VALUES ( 'RH ' , 100 , 52 )
 INSERT [keybd_cfg] ( [keybd_type] , [key_value] , [keymap_value] ) VALUES ( 'RH ' , 101 , 53 )
 INSERT [keybd_cfg] ( [keybd_type] , [key_value] , [keymap_value] ) VALUES ( 'RH ' , 102 , 54 )
 INSERT [keybd_cfg] ( [keybd_type] , [key_value] , [keymap_value] ) VALUES ( 'RH ' , 103 , 55 )
 INSERT [keybd_cfg] ( [keybd_type] , [key_value] , [keymap_value] ) VALUES ( 'RH ' , 104 , 56 )
 INSERT [keybd_cfg] ( [keybd_type] , [key_value] , [keymap_value] ) VALUES ( 'RH ' , 105 , 57 )
 INSERT [keybd_cfg] ( [keybd_type] , [key_value] , [keymap_value] ) VALUES ( 'RH ' , 106 , 66 )
 INSERT [keybd_cfg] ( [keybd_type] , [key_value] , [keymap_value] ) VALUES ( 'RH ' , 110 , 46 )
 INSERT [keybd_cfg] ( [keybd_type] , [key_value] , [keymap_value] ) VALUES ( 'RH ' , 112 , 84 )
 INSERT [keybd_cfg] ( [keybd_type] , [key_value] , [keymap_value] ) VALUES ( 'RH ' , 113 , 78 )
 INSERT [keybd_cfg] ( [keybd_type] , [key_value] , [keymap_value] ) VALUES ( 'RH ' , 114 , 124 )
 INSERT [keybd_cfg] ( [keybd_type] , [key_value] , [keymap_value] ) VALUES ( 'RH ' , 119 , 128 )
 INSERT [keybd_cfg] ( [keybd_type] , [key_value] , [keymap_value] ) VALUES ( 'RH ' , 122 , 92 )
 INSERT [keybd_cfg] ( [keybd_type] , [key_value] , [keymap_value] ) VALUES ( 'RH ' , 123 , 126 )
 INSERT [keybd_cfg] ( [keybd_type] , [key_value] , [keymap_value] ) VALUES ( 'RH ' , 127 , 60 )
 INSERT [keybd_cfg] ( [keybd_type] , [key_value] , [keymap_value] ) VALUES ( 'RH ' , 155 , 67 )
 INSERT [keybd_cfg] ( [keybd_type] , [key_value] , [keymap_value] ) VALUES ( 'RH ' , 192 , 46 )
 INSERT [keybd_cfg] ( [keybd_type] , [key_value] , [keymap_value] ) VALUES ( 'T01' , 27 , 82 )
 INSERT [keybd_cfg] ( [keybd_type] , [key_value] , [keymap_value] ) VALUES ( 'T01' , 32 , 88 )
 INSERT [keybd_cfg] ( [keybd_type] , [key_value] , [keymap_value] ) VALUES ( 'T01' , 33 , 83 )
 INSERT [keybd_cfg] ( [keybd_type] , [key_value] , [keymap_value] ) VALUES ( 'T01' , 34 , 60 )
 INSERT [keybd_cfg] ( [keybd_type] , [key_value] , [keymap_value] ) VALUES ( 'T01' , 35 , 41 )
 INSERT [keybd_cfg] ( [keybd_type] , [key_value] , [keymap_value] ) VALUES ( 'T01' , 36 , 123 )
 INSERT [keybd_cfg] ( [keybd_type] , [key_value] , [keymap_value] ) VALUES ( 'T01' , 37 , 125 )
 INSERT [keybd_cfg] ( [keybd_type] , [key_value] , [keymap_value] ) VALUES ( 'T01' , 39 , 124 )
 INSERT [keybd_cfg] ( [keybd_type] , [key_value] , [keymap_value] ) VALUES ( 'T01' , 43 , 60 )
 INSERT [keybd_cfg] ( [keybd_type] , [key_value] , [keymap_value] ) VALUES ( 'T01' , 44 , 127 )
 INSERT [keybd_cfg] ( [keybd_type] , [key_value] , [keymap_value] ) VALUES ( 'T01' , 47 , 197 )
 INSERT [keybd_cfg] ( [keybd_type] , [key_value] , [keymap_value] ) VALUES ( 'T01' , 65 , 8 )
 INSERT [keybd_cfg] ( [keybd_type] , [key_value] , [keymap_value] ) VALUES ( 'T01' , 66 , 8 )
 INSERT [keybd_cfg] ( [keybd_type] , [key_value] , [keymap_value] ) VALUES ( 'T01' , 67 , 66 )
 INSERT [keybd_cfg] ( [keybd_type] , [key_value] , [keymap_value] ) VALUES ( 'T01' , 68 , 38 )
 INSERT [keybd_cfg] ( [keybd_type] , [key_value] , [keymap_value] ) VALUES ( 'T01' , 69 , 67 )
 INSERT [keybd_cfg] ( [keybd_type] , [key_value] , [keymap_value] ) VALUES ( 'T01' , 70 , 73 )
 INSERT [keybd_cfg] ( [keybd_type] , [key_value] , [keymap_value] ) VALUES ( 'T01' , 71 , 88 )
 INSERT [keybd_cfg] ( [keybd_type] , [key_value] , [keymap_value] ) VALUES ( 'T01' , 72 , 88 )
 INSERT [keybd_cfg] ( [keybd_type] , [key_value] , [keymap_value] ) VALUES ( 'T01' , 73 , 66 )
 INSERT [keybd_cfg] ( [keybd_type] , [key_value] , [keymap_value] ) VALUES ( 'T01' , 74 , 72 )
 INSERT [keybd_cfg] ( [keybd_type] , [key_value] , [keymap_value] ) VALUES ( 'T01' , 75 , 89 )
 INSERT [keybd_cfg] ( [keybd_type] , [key_value] , [keymap_value] ) VALUES ( 'T01' , 76 , 70 )
 INSERT [keybd_cfg] ( [keybd_type] , [key_value] , [keymap_value] ) VALUES ( 'T01' , 77 , 10 )
 INSERT [keybd_cfg] ( [keybd_type] , [key_value] , [keymap_value] ) VALUES ( 'T01' , 78 , 126 )
 INSERT [keybd_cfg] ( [keybd_type] , [key_value] , [keymap_value] ) VALUES ( 'T01' , 79 , 68 )
 INSERT [keybd_cfg] ( [keybd_type] , [key_value] , [keymap_value] ) VALUES ( 'T01' , 80 , 69 )
 INSERT [keybd_cfg] ( [keybd_type] , [key_value] , [keymap_value] ) VALUES ( 'T01' , 81 , 75 )
 INSERT [keybd_cfg] ( [keybd_type] , [key_value] , [keymap_value] ) VALUES ( 'T01' , 82 , 48 )
 INSERT [keybd_cfg] ( [keybd_type] , [key_value] , [keymap_value] ) VALUES ( 'T01' , 83 , 48 )
 INSERT [keybd_cfg] ( [keybd_type] , [key_value] , [keymap_value] ) VALUES ( 'T01' , 85 , 10 )
 INSERT [keybd_cfg] ( [keybd_type] , [key_value] , [keymap_value] ) VALUES ( 'T01' , 86 , 10 )
 INSERT [keybd_cfg] ( [keybd_type] , [key_value] , [keymap_value] ) VALUES ( 'T01' , 87 , 71 )
 INSERT [keybd_cfg] ( [keybd_type] , [key_value] , [keymap_value] ) VALUES ( 'T01' , 88 , 85 )
 INSERT [keybd_cfg] ( [keybd_type] , [key_value] , [keymap_value] ) VALUES ( 'T01' , 89 , 77 )
 INSERT [keybd_cfg] ( [keybd_type] , [key_value] , [keymap_value] ) VALUES ( 'T01' , 90 , 71 )
 INSERT [keybd_cfg] ( [keybd_type] , [key_value] , [keymap_value] ) VALUES ( 'T01' , 96 , 34 )
 INSERT [keybd_cfg] ( [keybd_type] , [key_value] , [keymap_value] ) VALUES ( 'T01' , 97 , 49 )
 INSERT [keybd_cfg] ( [keybd_type] , [key_value] , [keymap_value] ) VALUES ( 'T01' , 98 , 50 )
 INSERT [keybd_cfg] ( [keybd_type] , [key_value] , [keymap_value] ) VALUES ( 'T01' , 99 , 51 )
 INSERT [keybd_cfg] ( [keybd_type] , [key_value] , [keymap_value] ) VALUES ( 'T01' , 100 , 52 )
 INSERT [keybd_cfg] ( [keybd_type] , [key_value] , [keymap_value] ) VALUES ( 'T01' , 101 , 53 )
 INSERT [keybd_cfg] ( [keybd_type] , [key_value] , [keymap_value] ) VALUES ( 'T01' , 102 , 54 )
 INSERT [keybd_cfg] ( [keybd_type] , [key_value] , [keymap_value] ) VALUES ( 'T01' , 103 , 55 )
 INSERT [keybd_cfg] ( [keybd_type] , [key_value] , [keymap_value] ) VALUES ( 'T01' , 104 , 56 )
 INSERT [keybd_cfg] ( [keybd_type] , [key_value] , [keymap_value] ) VALUES ( 'T01' , 105 , 57 )
 INSERT [keybd_cfg] ( [keybd_type] , [key_value] , [keymap_value] ) VALUES ( 'T01' , 107 , 60 )
 INSERT [keybd_cfg] ( [keybd_type] , [key_value] , [keymap_value] ) VALUES ( 'T01' , 109 , 60 )
 INSERT [keybd_cfg] ( [keybd_type] , [key_value] , [keymap_value] ) VALUES ( 'T01' , 110 , 200 )
 INSERT [keybd_cfg] ( [keybd_type] , [key_value] , [keymap_value] ) VALUES ( 'T01' , 112 , 43 )
 INSERT [keybd_cfg] ( [keybd_type] , [key_value] , [keymap_value] ) VALUES ( 'T01' , 113 , 84 )
 INSERT [keybd_cfg] ( [keybd_type] , [key_value] , [keymap_value] ) VALUES ( 'T01' , 114 , 92 )
 INSERT [keybd_cfg] ( [keybd_type] , [key_value] , [keymap_value] ) VALUES ( 'T01' , 115 , 46 )
 INSERT [keybd_cfg] ( [keybd_type] , [key_value] , [keymap_value] ) VALUES ( 'T01' , 116 , 78 )
 INSERT [keybd_cfg] ( [keybd_type] , [key_value] , [keymap_value] ) VALUES ( 'T01' , 117 , 74 )
 INSERT [keybd_cfg] ( [keybd_type] , [key_value] , [keymap_value] ) VALUES ( 'T01' , 118 , 62 )
 INSERT [keybd_cfg] ( [keybd_type] , [key_value] , [keymap_value] ) VALUES ( 'T01' , 119 , 98 )
 INSERT [keybd_cfg] ( [keybd_type] , [key_value] , [keymap_value] ) VALUES ( 'T01' , 120 , 96 )
 INSERT [keybd_cfg] ( [keybd_type] , [key_value] , [keymap_value] ) VALUES ( 'T01' , 121 , 128 )
 INSERT [keybd_cfg] ( [keybd_type] , [key_value] , [keymap_value] ) VALUES ( 'T01' , 122 , 196 )
 INSERT [keybd_cfg] ( [keybd_type] , [key_value] , [keymap_value] ) VALUES ( 'T01' , 123 , 198 )
 INSERT [keybd_cfg] ( [keybd_type] , [key_value] , [keymap_value] ) VALUES ( 'W84' , 27 , 82 )
 INSERT [keybd_cfg] ( [keybd_type] , [key_value] , [keymap_value] ) VALUES ( 'W84' , 35 , 60 )
 INSERT [keybd_cfg] ( [keybd_type] , [key_value] , [keymap_value] ) VALUES ( 'W84' , 36 , 62 )
 INSERT [keybd_cfg] ( [keybd_type] , [key_value] , [keymap_value] ) VALUES ( 'W84' , 39 , 125 )
 INSERT [keybd_cfg] ( [keybd_type] , [key_value] , [keymap_value] ) VALUES ( 'W84' , 44 , 60 )
 INSERT [keybd_cfg] ( [keybd_type] , [key_value] , [keymap_value] ) VALUES ( 'W84' , 45 , 96 )
 INSERT [keybd_cfg] ( [keybd_type] , [key_value] , [keymap_value] ) VALUES ( 'W84' , 47 , 38 )
 INSERT [keybd_cfg] ( [keybd_type] , [key_value] , [keymap_value] ) VALUES ( 'W84' , 65 , 69 )
 INSERT [keybd_cfg] ( [keybd_type] , [key_value] , [keymap_value] ) VALUES ( 'W84' , 66 , 85 )
 INSERT [keybd_cfg] ( [keybd_type] , [key_value] , [keymap_value] ) VALUES ( 'W84' , 67 , 71 )
 INSERT [keybd_cfg] ( [keybd_type] , [key_value] , [keymap_value] ) VALUES ( 'W84' , 70 , 88 )
 INSERT [keybd_cfg] ( [keybd_type] , [key_value] , [keymap_value] ) VALUES ( 'W84' , 71 , 38 )
 INSERT [keybd_cfg] ( [keybd_type] , [key_value] , [keymap_value] ) VALUES ( 'W84' , 72 , 89 )
 INSERT [keybd_cfg] ( [keybd_type] , [key_value] , [keymap_value] ) VALUES ( 'W84' , 73 , 43 )
 INSERT [keybd_cfg] ( [keybd_type] , [key_value] , [keymap_value] ) VALUES ( 'W84' , 74 , 70 )
 INSERT [keybd_cfg] ( [keybd_type] , [key_value] , [keymap_value] ) VALUES ( 'W84' , 75 , 41 )
 INSERT [keybd_cfg] ( [keybd_type] , [key_value] , [keymap_value] ) VALUES ( 'W84' , 76 , 123 )
 INSERT [keybd_cfg] ( [keybd_type] , [key_value] , [keymap_value] ) VALUES ( 'W84' , 77 , 62 )
 INSERT [keybd_cfg] ( [keybd_type] , [key_value] , [keymap_value] ) VALUES ( 'W84' , 78 , 99 )
 INSERT [keybd_cfg] ( [keybd_type] , [key_value] , [keymap_value] ) VALUES ( 'W84' , 79 , 84 )
 INSERT [keybd_cfg] ( [keybd_type] , [key_value] , [keymap_value] ) VALUES ( 'W84' , 80 , 77 )
 INSERT [keybd_cfg] ( [keybd_type] , [key_value] , [keymap_value] ) VALUES ( 'W84' , 81 , 68 )
 INSERT [keybd_cfg] ( [keybd_type] , [key_value] , [keymap_value] ) VALUES ( 'W84' , 82 , 66 )
 INSERT [keybd_cfg] ( [keybd_type] , [key_value] , [keymap_value] ) VALUES ( 'W84' , 83 , 126 )
 INSERT [keybd_cfg] ( [keybd_type] , [key_value] , [keymap_value] ) VALUES ( 'W84' , 84 , 72 )
 INSERT [keybd_cfg] ( [keybd_type] , [key_value] , [keymap_value] ) VALUES ( 'W84' , 85 , 73 )
 INSERT [keybd_cfg] ( [keybd_type] , [key_value] , [keymap_value] ) VALUES ( 'W84' , 86 , 79 )
 INSERT [keybd_cfg] ( [keybd_type] , [key_value] , [keymap_value] ) VALUES ( 'W84' , 87 , 75 )
 INSERT [keybd_cfg] ( [keybd_type] , [key_value] , [keymap_value] ) VALUES ( 'W84' , 89 , 67 )
 INSERT [keybd_cfg] ( [keybd_type] , [key_value] , [keymap_value] ) VALUES ( 'W84' , 90 , 83 )
 INSERT [keybd_cfg] ( [keybd_type] , [key_value] , [keymap_value] ) VALUES ( 'W84' , 91 , 98 )
 INSERT [keybd_cfg] ( [keybd_type] , [key_value] , [keymap_value] ) VALUES ( 'W84' , 93 , 97 )
 INSERT [keybd_cfg] ( [keybd_type] , [key_value] , [keymap_value] ) VALUES ( 'W84' , 94 , 38 )
 INSERT [keybd_cfg] ( [keybd_type] , [key_value] , [keymap_value] ) VALUES ( 'W84' , 96 , 124 )
 INSERT [keybd_cfg] ( [keybd_type] , [key_value] , [keymap_value] ) VALUES ( 'W84' , 99 , 36 )
 INSERT [keybd_cfg] ( [keybd_type] , [key_value] , [keymap_value] ) VALUES ( 'W84' , 100 , 40 )
 INSERT [keybd_cfg] ( [keybd_type] , [key_value] , [keymap_value] ) VALUES ( 'W84' , 101 , 37 )
 INSERT [keybd_cfg] ( [keybd_type] , [key_value] , [keymap_value] ) VALUES ( 'W84' , 102 , 41 )
 INSERT [keybd_cfg] ( [keybd_type] , [key_value] , [keymap_value] ) VALUES ( 'W84' , 103 , 43 )
 INSERT [keybd_cfg] ( [keybd_type] , [key_value] , [keymap_value] ) VALUES ( 'W84' , 104 , 48 )
 INSERT [keybd_cfg] ( [keybd_type] , [key_value] , [keymap_value] ) VALUES ( 'W84' , 105 , 49 )
 INSERT [keybd_cfg] ( [keybd_type] , [key_value] , [keymap_value] ) VALUES ( 'W84' , 112 , 57 )
 INSERT [keybd_cfg] ( [keybd_type] , [key_value] , [keymap_value] ) VALUES ( 'W84' , 113 , 41 )
 INSERT [keybd_cfg] ( [keybd_type] , [key_value] , [keymap_value] ) VALUES ( 'W84' , 114 , 56 )
 INSERT [keybd_cfg] ( [keybd_type] , [key_value] , [keymap_value] ) VALUES ( 'W84' , 115 , 55 )
 INSERT [keybd_cfg] ( [keybd_type] , [key_value] , [keymap_value] ) VALUES ( 'W84' , 116 , 38 )
 INSERT [keybd_cfg] ( [keybd_type] , [key_value] , [keymap_value] ) VALUES ( 'W84' , 117 , 54 )
 INSERT [keybd_cfg] ( [keybd_type] , [key_value] , [keymap_value] ) VALUES ( 'W84' , 118 , 53 )
 INSERT [keybd_cfg] ( [keybd_type] , [key_value] , [keymap_value] ) VALUES ( 'W84' , 119 , 52 )
 INSERT [keybd_cfg] ( [keybd_type] , [key_value] , [keymap_value] ) VALUES ( 'W84' , 120 , 51 )
 INSERT [keybd_cfg] ( [keybd_type] , [key_value] , [keymap_value] ) VALUES ( 'W84' , 121 , 38 )
 INSERT [keybd_cfg] ( [keybd_type] , [key_value] , [keymap_value] ) VALUES ( 'W84' , 122 , 43 )
 INSERT [keybd_cfg] ( [keybd_type] , [key_value] , [keymap_value] ) VALUES ( 'W84' , 123 , 50 )
 INSERT [keybd_cfg] ( [keybd_type] , [key_value] , [keymap_value] ) VALUES ( 'W84' , 217 , 66 )
 INSERT [keybd_cfg] ( [keybd_type] , [key_value] , [keymap_value] ) VALUES ( 'W84' , 218 , 71 )
 INSERT [keybd_cfg] ( [keybd_type] , [key_value] , [keymap_value] ) VALUES ( 'W84' , 222 , 78 )

---------------------------------------------
 delete from keybd_class
 INSERT [keybd_class] ( [classname] , [note] ) VALUES ( '101            ' , 'IBM101键盘图                  ' )
 INSERT [keybd_class] ( [classname] , [note] ) VALUES ( '102            ' , '102                           ' )
 INSERT [keybd_class] ( [classname] , [note] ) VALUES ( '123            ' , '新键盘                        ' )
 INSERT [keybd_class] ( [classname] , [note] ) VALUES ( 'HK             ' , 'HK-KB66BM                     ' )
 INSERT [keybd_class] ( [classname] , [note] ) VALUES ( 'I95            ' , 'IBM95键盘图                   ' )
 INSERT [keybd_class] ( [classname] , [note] ) VALUES ( 'IBM            ' , 'IBM键盘图                     ' )
 INSERT [keybd_class] ( [classname] , [note] ) VALUES ( 'NCR            ' , 'NCR键盘图                     ' )
 INSERT [keybd_class] ( [classname] , [note] ) VALUES ( 'TA             ' , 'TA61键盘图                    ' )
 INSERT [keybd_class] ( [classname] , [note] ) VALUES ( 'W84            ' , 'WINCOR 84键键盘               ' )
 INSERT [keybd_class] ( [classname] , [note] ) VALUES ( 'WIN            ' , 'WINCOR NIXDORF                ' )

---------------------------------------------------------
 delete from keybd_layout
 INSERT [keybd_layout] ( [keybd_class] , [x] , [y] , [key_value] ) VALUES ( '101            ' , 1 , 1 , 27 )
 INSERT [keybd_layout] ( [keybd_class] , [x] , [y] , [key_value] ) VALUES ( '101            ' , 1 , 2 , 192 )
 INSERT [keybd_layout] ( [keybd_class] , [x] , [y] , [key_value] ) VALUES ( '101            ' , 1 , 3 , 81 )
 INSERT [keybd_layout] ( [keybd_class] , [x] , [y] , [key_value] ) VALUES ( '101            ' , 1 , 4 , 65 )
 INSERT [keybd_layout] ( [keybd_class] , [x] , [y] , [key_value] ) VALUES ( '101            ' , 1 , 5 , 90 )
 INSERT [keybd_layout] ( [keybd_class] , [x] , [y] , [key_value] ) VALUES ( '101            ' , 2 , 1 , 112 )
 INSERT [keybd_layout] ( [keybd_class] , [x] , [y] , [key_value] ) VALUES ( '101            ' , 2 , 2 , 49 )
 INSERT [keybd_layout] ( [keybd_class] , [x] , [y] , [key_value] ) VALUES ( '101            ' , 2 , 3 , 87 )
 INSERT [keybd_layout] ( [keybd_class] , [x] , [y] , [key_value] ) VALUES ( '101            ' , 2 , 4 , 83 )
 INSERT [keybd_layout] ( [keybd_class] , [x] , [y] , [key_value] ) VALUES ( '101            ' , 2 , 5 , 88 )
 INSERT [keybd_layout] ( [keybd_class] , [x] , [y] , [key_value] ) VALUES ( '101            ' , 3 , 1 , 113 )
 INSERT [keybd_layout] ( [keybd_class] , [x] , [y] , [key_value] ) VALUES ( '101            ' , 3 , 2 , 50 )
 INSERT [keybd_layout] ( [keybd_class] , [x] , [y] , [key_value] ) VALUES ( '101            ' , 3 , 3 , 69 )
 INSERT [keybd_layout] ( [keybd_class] , [x] , [y] , [key_value] ) VALUES ( '101            ' , 3 , 4 , 68 )
 INSERT [keybd_layout] ( [keybd_class] , [x] , [y] , [key_value] ) VALUES ( '101            ' , 3 , 5 , 67 )
 INSERT [keybd_layout] ( [keybd_class] , [x] , [y] , [key_value] ) VALUES ( '101            ' , 4 , 1 , 114 )
 INSERT [keybd_layout] ( [keybd_class] , [x] , [y] , [key_value] ) VALUES ( '101            ' , 4 , 2 , 51 )
 INSERT [keybd_layout] ( [keybd_class] , [x] , [y] , [key_value] ) VALUES ( '101            ' , 4 , 3 , 82 )
 INSERT [keybd_layout] ( [keybd_class] , [x] , [y] , [key_value] ) VALUES ( '101            ' , 4 , 4 , 70 )
 INSERT [keybd_layout] ( [keybd_class] , [x] , [y] , [key_value] ) VALUES ( '101            ' , 4 , 5 , 86 )
 INSERT [keybd_layout] ( [keybd_class] , [x] , [y] , [key_value] ) VALUES ( '101            ' , 5 , 1 , 115 )
 INSERT [keybd_layout] ( [keybd_class] , [x] , [y] , [key_value] ) VALUES ( '101            ' , 5 , 2 , 52 )
 INSERT [keybd_layout] ( [keybd_class] , [x] , [y] , [key_value] ) VALUES ( '101            ' , 5 , 3 , 84 )
 INSERT [keybd_layout] ( [keybd_class] , [x] , [y] , [key_value] ) VALUES ( '101            ' , 5 , 4 , 71 )
 INSERT [keybd_layout] ( [keybd_class] , [x] , [y] , [key_value] ) VALUES ( '101            ' , 5 , 5 , 66 )
 INSERT [keybd_layout] ( [keybd_class] , [x] , [y] , [key_value] ) VALUES ( '101            ' , 6 , 1 , 116 )
 INSERT [keybd_layout] ( [keybd_class] , [x] , [y] , [key_value] ) VALUES ( '101            ' , 6 , 2 , 53 )
 INSERT [keybd_layout] ( [keybd_class] , [x] , [y] , [key_value] ) VALUES ( '101            ' , 6 , 3 , 89 )
 INSERT [keybd_layout] ( [keybd_class] , [x] , [y] , [key_value] ) VALUES ( '101            ' , 6 , 4 , 72 )
 INSERT [keybd_layout] ( [keybd_class] , [x] , [y] , [key_value] ) VALUES ( '101            ' , 6 , 5 , 78 )
 INSERT [keybd_layout] ( [keybd_class] , [x] , [y] , [key_value] ) VALUES ( '101            ' , 7 , 1 , 117 )
 INSERT [keybd_layout] ( [keybd_class] , [x] , [y] , [key_value] ) VALUES ( '101            ' , 7 , 2 , 54 )
 INSERT [keybd_layout] ( [keybd_class] , [x] , [y] , [key_value] ) VALUES ( '101            ' , 7 , 3 , 85 )
 INSERT [keybd_layout] ( [keybd_class] , [x] , [y] , [key_value] ) VALUES ( '101            ' , 7 , 4 , 74 )
 INSERT [keybd_layout] ( [keybd_class] , [x] , [y] , [key_value] ) VALUES ( '101            ' , 7 , 5 , 77 )
 INSERT [keybd_layout] ( [keybd_class] , [x] , [y] , [key_value] ) VALUES ( '101            ' , 8 , 1 , 118 )
 INSERT [keybd_layout] ( [keybd_class] , [x] , [y] , [key_value] ) VALUES ( '101            ' , 8 , 2 , 55 )
 INSERT [keybd_layout] ( [keybd_class] , [x] , [y] , [key_value] ) VALUES ( '101            ' , 8 , 3 , 73 )
 INSERT [keybd_layout] ( [keybd_class] , [x] , [y] , [key_value] ) VALUES ( '101            ' , 8 , 4 , 75 )
 INSERT [keybd_layout] ( [keybd_class] , [x] , [y] , [key_value] ) VALUES ( '101            ' , 8 , 5 , 44 )
 INSERT [keybd_layout] ( [keybd_class] , [x] , [y] , [key_value] ) VALUES ( '101            ' , 9 , 1 , 119 )
 INSERT [keybd_layout] ( [keybd_class] , [x] , [y] , [key_value] ) VALUES ( '101            ' , 9 , 2 , 56 )
 INSERT [keybd_layout] ( [keybd_class] , [x] , [y] , [key_value] ) VALUES ( '101            ' , 9 , 3 , 79 )
 INSERT [keybd_layout] ( [keybd_class] , [x] , [y] , [key_value] ) VALUES ( '101            ' , 9 , 4 , 76 )
 INSERT [keybd_layout] ( [keybd_class] , [x] , [y] , [key_value] ) VALUES ( '101            ' , 9 , 5 , 46 )
 INSERT [keybd_layout] ( [keybd_class] , [x] , [y] , [key_value] ) VALUES ( '101            ' , 10 , 1 , 120 )
 INSERT [keybd_layout] ( [keybd_class] , [x] , [y] , [key_value] ) VALUES ( '101            ' , 10 , 2 , 57 )
 INSERT [keybd_layout] ( [keybd_class] , [x] , [y] , [key_value] ) VALUES ( '101            ' , 10 , 3 , 80 )
 INSERT [keybd_layout] ( [keybd_class] , [x] , [y] , [key_value] ) VALUES ( '101            ' , 10 , 5 , 47 )
 INSERT [keybd_layout] ( [keybd_class] , [x] , [y] , [key_value] ) VALUES ( '101            ' , 11 , 1 , 121 )
 INSERT [keybd_layout] ( [keybd_class] , [x] , [y] , [key_value] ) VALUES ( '101            ' , 11 , 2 , 48 )
 INSERT [keybd_layout] ( [keybd_class] , [x] , [y] , [key_value] ) VALUES ( '101            ' , 11 , 3 , 91 )
 INSERT [keybd_layout] ( [keybd_class] , [x] , [y] , [key_value] ) VALUES ( '101            ' , 11 , 4 , 32 )
 INSERT [keybd_layout] ( [keybd_class] , [x] , [y] , [key_value] ) VALUES ( '101            ' , 11 , 5 , 37 )
 INSERT [keybd_layout] ( [keybd_class] , [x] , [y] , [key_value] ) VALUES ( '101            ' , 12 , 1 , 122 )
 INSERT [keybd_layout] ( [keybd_class] , [x] , [y] , [key_value] ) VALUES ( '101            ' , 12 , 2 , 45 )
 INSERT [keybd_layout] ( [keybd_class] , [x] , [y] , [key_value] ) VALUES ( '101            ' , 12 , 3 , 93 )
 INSERT [keybd_layout] ( [keybd_class] , [x] , [y] , [key_value] ) VALUES ( '101            ' , 12 , 4 , 38 )
 INSERT [keybd_layout] ( [keybd_class] , [x] , [y] , [key_value] ) VALUES ( '101            ' , 12 , 5 , 40 )
 INSERT [keybd_layout] ( [keybd_class] , [x] , [y] , [key_value] ) VALUES ( '101            ' , 13 , 1 , 123 )
 INSERT [keybd_layout] ( [keybd_class] , [x] , [y] , [key_value] ) VALUES ( '101            ' , 13 , 2 , 8 )
 INSERT [keybd_layout] ( [keybd_class] , [x] , [y] , [key_value] ) VALUES ( '101            ' , 13 , 3 , 13 )
 INSERT [keybd_layout] ( [keybd_class] , [x] , [y] , [key_value] ) VALUES ( '101            ' , 13 , 5 , 39 )
 INSERT [keybd_layout] ( [keybd_class] , [x] , [y] , [key_value] ) VALUES ( '102            ' , 1 , 1 , 27 )
 INSERT [keybd_layout] ( [keybd_class] , [x] , [y] , [key_value] ) VALUES ( '102            ' , 1 , 2 , 0 )
 INSERT [keybd_layout] ( [keybd_class] , [x] , [y] , [key_value] ) VALUES ( '102            ' , 1 , 3 , 221 )
 INSERT [keybd_layout] ( [keybd_class] , [x] , [y] , [key_value] ) VALUES ( '102            ' , 1 , 4 , 9 )
 INSERT [keybd_layout] ( [keybd_class] , [x] , [y] , [key_value] ) VALUES ( '102            ' , 1 , 5 , 20 )
 INSERT [keybd_layout] ( [keybd_class] , [x] , [y] , [key_value] ) VALUES ( '102            ' , 1 , 6 , 16 )
 INSERT [keybd_layout] ( [keybd_class] , [x] , [y] , [key_value] ) VALUES ( '102            ' , 1 , 7 , 17 )
 INSERT [keybd_layout] ( [keybd_class] , [x] , [y] , [key_value] ) VALUES ( '102            ' , 2 , 1 , 0 )
 INSERT [keybd_layout] ( [keybd_class] , [x] , [y] , [key_value] ) VALUES ( '102            ' , 2 , 2 , 0 )
 INSERT [keybd_layout] ( [keybd_class] , [x] , [y] , [key_value] ) VALUES ( '102            ' , 2 , 3 , 49 )
 INSERT [keybd_layout] ( [keybd_class] , [x] , [y] , [key_value] ) VALUES ( '102            ' , 2 , 4 , 81 )
 INSERT [keybd_layout] ( [keybd_class] , [x] , [y] , [key_value] ) VALUES ( '102            ' , 2 , 5 , 65 )
 INSERT [keybd_layout] ( [keybd_class] , [x] , [y] , [key_value] ) VALUES ( '102            ' , 2 , 6 , 90 )
 INSERT [keybd_layout] ( [keybd_class] , [x] , [y] , [key_value] ) VALUES ( '102            ' , 3 , 1 , 112 )
 INSERT [keybd_layout] ( [keybd_class] , [x] , [y] , [key_value] ) VALUES ( '102            ' , 3 , 2 , 0 )
 INSERT [keybd_layout] ( [keybd_class] , [x] , [y] , [key_value] ) VALUES ( '102            ' , 3 , 3 , 50 )
 INSERT [keybd_layout] ( [keybd_class] , [x] , [y] , [key_value] ) VALUES ( '102            ' , 3 , 4 , 87 )
 INSERT [keybd_layout] ( [keybd_class] , [x] , [y] , [key_value] ) VALUES ( '102            ' , 3 , 5 , 83 )
 INSERT [keybd_layout] ( [keybd_class] , [x] , [y] , [key_value] ) VALUES ( '102            ' , 3 , 6 , 88 )
 INSERT [keybd_layout] ( [keybd_class] , [x] , [y] , [key_value] ) VALUES ( '102            ' , 3 , 7 , 18 )
 INSERT [keybd_layout] ( [keybd_class] , [x] , [y] , [key_value] ) VALUES ( '102            ' , 4 , 1 , 113 )
 INSERT [keybd_layout] ( [keybd_class] , [x] , [y] , [key_value] ) VALUES ( '102            ' , 4 , 2 , 0 )
 INSERT [keybd_layout] ( [keybd_class] , [x] , [y] , [key_value] ) VALUES ( '102            ' , 4 , 3 , 51 )
 INSERT [keybd_layout] ( [keybd_class] , [x] , [y] , [key_value] ) VALUES ( '102            ' , 4 , 4 , 69 )
 INSERT [keybd_layout] ( [keybd_class] , [x] , [y] , [key_value] ) VALUES ( '102            ' , 4 , 5 , 68 )
 INSERT [keybd_layout] ( [keybd_class] , [x] , [y] , [key_value] ) VALUES ( '102            ' , 4 , 6 , 67 )
 INSERT [keybd_layout] ( [keybd_class] , [x] , [y] , [key_value] ) VALUES ( '102            ' , 4 , 7 , 32 )
 INSERT [keybd_layout] ( [keybd_class] , [x] , [y] , [key_value] ) VALUES ( '102            ' , 5 , 1 , 114 )
 INSERT [keybd_layout] ( [keybd_class] , [x] , [y] , [key_value] ) VALUES ( '102            ' , 5 , 2 , 0 )
 INSERT [keybd_layout] ( [keybd_class] , [x] , [y] , [key_value] ) VALUES ( '102            ' , 5 , 3 , 52 )
 INSERT [keybd_layout] ( [keybd_class] , [x] , [y] , [key_value] ) VALUES ( '102            ' , 5 , 4 , 82 )
 INSERT [keybd_layout] ( [keybd_class] , [x] , [y] , [key_value] ) VALUES ( '102            ' , 5 , 5 , 70 )
 INSERT [keybd_layout] ( [keybd_class] , [x] , [y] , [key_value] ) VALUES ( '102            ' , 5 , 6 , 86 )
 INSERT [keybd_layout] ( [keybd_class] , [x] , [y] , [key_value] ) VALUES ( '102            ' , 5 , 7 , 32 )
 INSERT [keybd_layout] ( [keybd_class] , [x] , [y] , [key_value] ) VALUES ( '102            ' , 6 , 1 , 115 )
 INSERT [keybd_layout] ( [keybd_class] , [x] , [y] , [key_value] ) VALUES ( '102            ' , 6 , 2 , 0 )
 INSERT [keybd_layout] ( [keybd_class] , [x] , [y] , [key_value] ) VALUES ( '102            ' , 6 , 3 , 53 )
 INSERT [keybd_layout] ( [keybd_class] , [x] , [y] , [key_value] ) VALUES ( '102            ' , 6 , 4 , 84 )
 INSERT [keybd_layout] ( [keybd_class] , [x] , [y] , [key_value] ) VALUES ( '102            ' , 6 , 5 , 71 )
 INSERT [keybd_layout] ( [keybd_class] , [x] , [y] , [key_value] ) VALUES ( '102            ' , 6 , 6 , 66 )
 INSERT [keybd_layout] ( [keybd_class] , [x] , [y] , [key_value] ) VALUES ( '102            ' , 6 , 7 , 32 )
 INSERT [keybd_layout] ( [keybd_class] , [x] , [y] , [key_value] ) VALUES ( '102            ' , 7 , 1 , 116 )
 INSERT [keybd_layout] ( [keybd_class] , [x] , [y] , [key_value] ) VALUES ( '102            ' , 7 , 2 , 0 )
 INSERT [keybd_layout] ( [keybd_class] , [x] , [y] , [key_value] ) VALUES ( '102            ' , 7 , 3 , 54 )
 INSERT [keybd_layout] ( [keybd_class] , [x] , [y] , [key_value] ) VALUES ( '102            ' , 7 , 4 , 89 )
 INSERT [keybd_layout] ( [keybd_class] , [x] , [y] , [key_value] ) VALUES ( '102            ' , 7 , 5 , 72 )
 INSERT [keybd_layout] ( [keybd_class] , [x] , [y] , [key_value] ) VALUES ( '102            ' , 7 , 6 , 78 )
 INSERT [keybd_layout] ( [keybd_class] , [x] , [y] , [key_value] ) VALUES ( '102            ' , 7 , 7 , 32 )
 INSERT [keybd_layout] ( [keybd_class] , [x] , [y] , [key_value] ) VALUES ( '102            ' , 8 , 1 , 117 )
 INSERT [keybd_layout] ( [keybd_class] , [x] , [y] , [key_value] ) VALUES ( '102            ' , 8 , 2 , 0 )
 INSERT [keybd_layout] ( [keybd_class] , [x] , [y] , [key_value] ) VALUES ( '102            ' , 8 , 3 , 55 )
 INSERT [keybd_layout] ( [keybd_class] , [x] , [y] , [key_value] ) VALUES ( '102            ' , 8 , 4 , 85 )
 INSERT [keybd_layout] ( [keybd_class] , [x] , [y] , [key_value] ) VALUES ( '102            ' , 8 , 5 , 74 )
 INSERT [keybd_layout] ( [keybd_class] , [x] , [y] , [key_value] ) VALUES ( '102            ' , 8 , 6 , 77 )
 INSERT [keybd_layout] ( [keybd_class] , [x] , [y] , [key_value] ) VALUES ( '102            ' , 8 , 7 , 18 )
 INSERT [keybd_layout] ( [keybd_class] , [x] , [y] , [key_value] ) VALUES ( '102            ' , 9 , 1 , 118 )
 INSERT [keybd_layout] ( [keybd_class] , [x] , [y] , [key_value] ) VALUES ( '102            ' , 9 , 2 , 0 )
 INSERT [keybd_layout] ( [keybd_class] , [x] , [y] , [key_value] ) VALUES ( '102            ' , 9 , 3 , 57 )
 INSERT [keybd_layout] ( [keybd_class] , [x] , [y] , [key_value] ) VALUES ( '102            ' , 9 , 4 , 73 )
 INSERT [keybd_layout] ( [keybd_class] , [x] , [y] , [key_value] ) VALUES ( '102            ' , 9 , 5 , 75 )
 INSERT [keybd_layout] ( [keybd_class] , [x] , [y] , [key_value] ) VALUES ( '102            ' , 9 , 6 , 44 )
 INSERT [keybd_layout] ( [keybd_class] , [x] , [y] , [key_value] ) VALUES ( '102            ' , 9 , 7 , 17 )
 INSERT [keybd_layout] ( [keybd_class] , [x] , [y] , [key_value] ) VALUES ( '102            ' , 10 , 1 , 119 )
 INSERT [keybd_layout] ( [keybd_class] , [x] , [y] , [key_value] ) VALUES ( '102            ' , 10 , 2 , 0 )
 INSERT [keybd_layout] ( [keybd_class] , [x] , [y] , [key_value] ) VALUES ( '102            ' , 10 , 3 , 48 )
 INSERT [keybd_layout] ( [keybd_class] , [x] , [y] , [key_value] ) VALUES ( '102            ' , 10 , 4 , 79 )
 INSERT [keybd_layout] ( [keybd_class] , [x] , [y] , [key_value] ) VALUES ( '102            ' , 10 , 5 , 76 )
 INSERT [keybd_layout] ( [keybd_class] , [x] , [y] , [key_value] ) VALUES ( '102            ' , 10 , 6 , 46 )
 INSERT [keybd_layout] ( [keybd_class] , [x] , [y] , [key_value] ) VALUES ( '102            ' , 10 , 7 , 37 )
 INSERT [keybd_layout] ( [keybd_class] , [x] , [y] , [key_value] ) VALUES ( '102            ' , 11 , 1 , 120 )
 INSERT [keybd_layout] ( [keybd_class] , [x] , [y] , [key_value] ) VALUES ( '102            ' , 11 , 2 , 0 )
 INSERT [keybd_layout] ( [keybd_class] , [x] , [y] , [key_value] ) VALUES ( '102            ' , 11 , 3 , 95 )
 INSERT [keybd_layout] ( [keybd_class] , [x] , [y] , [key_value] ) VALUES ( '102            ' , 11 , 4 , 80 )
 INSERT [keybd_layout] ( [keybd_class] , [x] , [y] , [key_value] ) VALUES ( '102            ' , 11 , 5 , 59 )
 INSERT [keybd_layout] ( [keybd_class] , [x] , [y] , [key_value] ) VALUES ( '102            ' , 11 , 6 , 63 )
 INSERT [keybd_layout] ( [keybd_class] , [x] , [y] , [key_value] ) VALUES ( '102            ' , 11 , 7 , 37 )
 INSERT [keybd_layout] ( [keybd_class] , [x] , [y] , [key_value] ) VALUES ( '102            ' , 12 , 1 , 121 )
 INSERT [keybd_layout] ( [keybd_class] , [x] , [y] , [key_value] ) VALUES ( '102            ' , 12 , 2 , 0 )
 INSERT [keybd_layout] ( [keybd_class] , [x] , [y] , [key_value] ) VALUES ( '102            ' , 12 , 3 , 61 )
 INSERT [keybd_layout] ( [keybd_class] , [x] , [y] , [key_value] ) VALUES ( '102            ' , 12 , 4 , 91 )
 INSERT [keybd_layout] ( [keybd_class] , [x] , [y] , [key_value] ) VALUES ( '102            ' , 12 , 5 , 214 )
 INSERT [keybd_layout] ( [keybd_class] , [x] , [y] , [key_value] ) VALUES ( '102            ' , 12 , 6 , 38 )
 INSERT [keybd_layout] ( [keybd_class] , [x] , [y] , [key_value] ) VALUES ( '102            ' , 12 , 7 , 40 )
 INSERT [keybd_layout] ( [keybd_class] , [x] , [y] , [key_value] ) VALUES ( '102            ' , 13 , 1 , 122 )
 INSERT [keybd_layout] ( [keybd_class] , [x] , [y] , [key_value] ) VALUES ( '102            ' , 13 , 2 , 0 )
 INSERT [keybd_layout] ( [keybd_class] , [x] , [y] , [key_value] ) VALUES ( '102            ' , 13 , 3 , 8 )
 INSERT [keybd_layout] ( [keybd_class] , [x] , [y] , [key_value] ) VALUES ( '102            ' , 13 , 4 , 93 )
 INSERT [keybd_layout] ( [keybd_class] , [x] , [y] , [key_value] ) VALUES ( '102            ' , 13 , 5 , 13 )
 INSERT [keybd_layout] ( [keybd_class] , [x] , [y] , [key_value] ) VALUES ( '102            ' , 13 , 6 , 16 )
 INSERT [keybd_layout] ( [keybd_class] , [x] , [y] , [key_value] ) VALUES ( '102            ' , 13 , 7 , 39 )
 INSERT [keybd_layout] ( [keybd_class] , [x] , [y] , [key_value] ) VALUES ( '102            ' , 14 , 1 , 123 )
 INSERT [keybd_layout] ( [keybd_class] , [x] , [y] , [key_value] ) VALUES ( '102            ' , 14 , 2 , 0 )
 INSERT [keybd_layout] ( [keybd_class] , [x] , [y] , [key_value] ) VALUES ( '102            ' , 14 , 3 , 8 )
 INSERT [keybd_layout] ( [keybd_class] , [x] , [y] , [key_value] ) VALUES ( '102            ' , 14 , 4 , 92 )
 INSERT [keybd_layout] ( [keybd_class] , [x] , [y] , [key_value] ) VALUES ( '102            ' , 14 , 5 , 13 )
 INSERT [keybd_layout] ( [keybd_class] , [x] , [y] , [key_value] ) VALUES ( '102            ' , 14 , 6 , 16 )
 INSERT [keybd_layout] ( [keybd_class] , [x] , [y] , [key_value] ) VALUES ( '102            ' , 14 , 7 , 39 )
 INSERT [keybd_layout] ( [keybd_class] , [x] , [y] , [key_value] ) VALUES ( '102            ' , 15 , 1 , 155 )
 INSERT [keybd_layout] ( [keybd_class] , [x] , [y] , [key_value] ) VALUES ( '102            ' , 15 , 2 , 127 )
 INSERT [keybd_layout] ( [keybd_class] , [x] , [y] , [key_value] ) VALUES ( '102            ' , 15 , 4 , 103 )
 INSERT [keybd_layout] ( [keybd_class] , [x] , [y] , [key_value] ) VALUES ( '102            ' , 15 , 5 , 100 )
 INSERT [keybd_layout] ( [keybd_class] , [x] , [y] , [key_value] ) VALUES ( '102            ' , 15 , 6 , 97 )
 INSERT [keybd_layout] ( [keybd_class] , [x] , [y] , [key_value] ) VALUES ( '102            ' , 15 , 7 , 96 )
 INSERT [keybd_layout] ( [keybd_class] , [x] , [y] , [key_value] ) VALUES ( '102            ' , 16 , 1 , 36 )
 INSERT [keybd_layout] ( [keybd_class] , [x] , [y] , [key_value] ) VALUES ( '102            ' , 16 , 2 , 35 )
 INSERT [keybd_layout] ( [keybd_class] , [x] , [y] , [key_value] ) VALUES ( '102            ' , 16 , 3 , 111 )
 INSERT [keybd_layout] ( [keybd_class] , [x] , [y] , [key_value] ) VALUES ( '102            ' , 16 , 4 , 104 )
 INSERT [keybd_layout] ( [keybd_class] , [x] , [y] , [key_value] ) VALUES ( '102            ' , 16 , 5 , 101 )
 INSERT [keybd_layout] ( [keybd_class] , [x] , [y] , [key_value] ) VALUES ( '102            ' , 16 , 6 , 98 )
 INSERT [keybd_layout] ( [keybd_class] , [x] , [y] , [key_value] ) VALUES ( '102            ' , 16 , 7 , 96 )
 INSERT [keybd_layout] ( [keybd_class] , [x] , [y] , [key_value] ) VALUES ( '102            ' , 17 , 1 , 33 )
 INSERT [keybd_layout] ( [keybd_class] , [x] , [y] , [key_value] ) VALUES ( '102            ' , 17 , 2 , 34 )
 INSERT [keybd_layout] ( [keybd_class] , [x] , [y] , [key_value] ) VALUES ( '102            ' , 17 , 3 , 106 )
 INSERT [keybd_layout] ( [keybd_class] , [x] , [y] , [key_value] ) VALUES ( '102            ' , 17 , 4 , 105 )
 INSERT [keybd_layout] ( [keybd_class] , [x] , [y] , [key_value] ) VALUES ( '102            ' , 17 , 5 , 102 )
 INSERT [keybd_layout] ( [keybd_class] , [x] , [y] , [key_value] ) VALUES ( '102            ' , 17 , 6 , 99 )
 INSERT [keybd_layout] ( [keybd_class] , [x] , [y] , [key_value] ) VALUES ( '102            ' , 17 , 7 , 110 )
 INSERT [keybd_layout] ( [keybd_class] , [x] , [y] , [key_value] ) VALUES ( '102            ' , 18 , 3 , 109 )
 INSERT [keybd_layout] ( [keybd_class] , [x] , [y] , [key_value] ) VALUES ( '102            ' , 18 , 4 , 107 )
 INSERT [keybd_layout] ( [keybd_class] , [x] , [y] , [key_value] ) VALUES ( '102            ' , 18 , 5 , 107 )
 INSERT [keybd_layout] ( [keybd_class] , [x] , [y] , [key_value] ) VALUES ( '102            ' , 18 , 6 , 13 )
 INSERT [keybd_layout] ( [keybd_class] , [x] , [y] , [key_value] ) VALUES ( '102            ' , 18 , 7 , 13 )
 INSERT [keybd_layout] ( [keybd_class] , [x] , [y] , [key_value] ) VALUES ( '123            ' , 1 , 1 , 91 )
 INSERT [keybd_layout] ( [keybd_class] , [x] , [y] , [key_value] ) VALUES ( '123            ' , 1 , 2 , 27 )
 INSERT [keybd_layout] ( [keybd_class] , [x] , [y] , [key_value] ) VALUES ( '123            ' , 1 , 3 , 155 )
 INSERT [keybd_layout] ( [keybd_class] , [x] , [y] , [key_value] ) VALUES ( '123            ' , 1 , 4 , 33 )
 INSERT [keybd_layout] ( [keybd_class] , [x] , [y] , [key_value] ) VALUES ( '123            ' , 1 , 5 , 34 )
 INSERT [keybd_layout] ( [keybd_class] , [x] , [y] , [key_value] ) VALUES ( '123            ' , 1 , 6 , 36 )
 INSERT [keybd_layout] ( [keybd_class] , [x] , [y] , [key_value] ) VALUES ( '123            ' , 2 , 1 , 97 )
 INSERT [keybd_layout] ( [keybd_class] , [x] , [y] , [key_value] ) VALUES ( '123            ' , 2 , 2 , 65 )
 INSERT [keybd_layout] ( [keybd_class] , [x] , [y] , [key_value] ) VALUES ( '123            ' , 2 , 3 , 71 )
 INSERT [keybd_layout] ( [keybd_class] , [x] , [y] , [key_value] ) VALUES ( '123            ' , 2 , 4 , 76 )
 INSERT [keybd_layout] ( [keybd_class] , [x] , [y] , [key_value] ) VALUES ( '123            ' , 2 , 5 , 81 )
 INSERT [keybd_layout] ( [keybd_class] , [x] , [y] , [key_value] ) VALUES ( '123            ' , 2 , 6 , 86 )
 INSERT [keybd_layout] ( [keybd_class] , [x] , [y] , [key_value] ) VALUES ( '123            ' , 3 , 1 , 98 )
 INSERT [keybd_layout] ( [keybd_class] , [x] , [y] , [key_value] ) VALUES ( '123            ' , 3 , 2 , 66 )
 INSERT [keybd_layout] ( [keybd_class] , [x] , [y] , [key_value] ) VALUES ( '123            ' , 3 , 3 , 72 )
 INSERT [keybd_layout] ( [keybd_class] , [x] , [y] , [key_value] ) VALUES ( '123            ' , 3 , 4 , 77 )
 INSERT [keybd_layout] ( [keybd_class] , [x] , [y] , [key_value] ) VALUES ( '123            ' , 3 , 5 , 82 )
 INSERT [keybd_layout] ( [keybd_class] , [x] , [y] , [key_value] ) VALUES ( '123            ' , 3 , 6 , 87 )
 INSERT [keybd_layout] ( [keybd_class] , [x] , [y] , [key_value] ) VALUES ( '123            ' , 4 , 1 , 99 )
 INSERT [keybd_layout] ( [keybd_class] , [x] , [y] , [key_value] ) VALUES ( '123            ' , 4 , 2 , 67 )
 INSERT [keybd_layout] ( [keybd_class] , [x] , [y] , [key_value] ) VALUES ( '123            ' , 4 , 3 , 73 )
 INSERT [keybd_layout] ( [keybd_class] , [x] , [y] , [key_value] ) VALUES ( '123            ' , 4 , 4 , 78 )
 INSERT [keybd_layout] ( [keybd_class] , [x] , [y] , [key_value] ) VALUES ( '123            ' , 4 , 5 , 83 )
 INSERT [keybd_layout] ( [keybd_class] , [x] , [y] , [key_value] ) VALUES ( '123            ' , 4 , 6 , 88 )
 INSERT [keybd_layout] ( [keybd_class] , [x] , [y] , [key_value] ) VALUES ( '123            ' , 5 , 1 , 100 )
 INSERT [keybd_layout] ( [keybd_class] , [x] , [y] , [key_value] ) VALUES ( '123            ' , 5 , 2 , 68 )
 INSERT [keybd_layout] ( [keybd_class] , [x] , [y] , [key_value] ) VALUES ( '123            ' , 5 , 3 , 55 )
 INSERT [keybd_layout] ( [keybd_class] , [x] , [y] , [key_value] ) VALUES ( '123            ' , 5 , 4 , 52 )
 INSERT [keybd_layout] ( [keybd_class] , [x] , [y] , [key_value] ) VALUES ( '123            ' , 5 , 5 , 49 )
 INSERT [keybd_layout] ( [keybd_class] , [x] , [y] , [key_value] ) VALUES ( '123            ' , 5 , 6 , 48 )
 INSERT [keybd_layout] ( [keybd_class] , [x] , [y] , [key_value] ) VALUES ( '123            ' , 6 , 1 , 101 )
 INSERT [keybd_layout] ( [keybd_class] , [x] , [y] , [key_value] ) VALUES ( '123            ' , 6 , 2 , 69 )
 INSERT [keybd_layout] ( [keybd_class] , [x] , [y] , [key_value] ) VALUES ( '123            ' , 6 , 3 , 56 )
 INSERT [keybd_layout] ( [keybd_class] , [x] , [y] , [key_value] ) VALUES ( '123            ' , 6 , 4 , 53 )
 INSERT [keybd_layout] ( [keybd_class] , [x] , [y] , [key_value] ) VALUES ( '123            ' , 6 , 5 , 50 )
 INSERT [keybd_layout] ( [keybd_class] , [x] , [y] , [key_value] ) VALUES ( '123            ' , 6 , 6 , 93 )
 INSERT [keybd_layout] ( [keybd_class] , [x] , [y] , [key_value] ) VALUES ( '123            ' , 7 , 1 , 102 )
 INSERT [keybd_layout] ( [keybd_class] , [x] , [y] , [key_value] ) VALUES ( '123            ' , 7 , 2 , 70 )
 INSERT [keybd_layout] ( [keybd_class] , [x] , [y] , [key_value] ) VALUES ( '123            ' , 7 , 3 , 57 )
 INSERT [keybd_layout] ( [keybd_class] , [x] , [y] , [key_value] ) VALUES ( '123            ' , 7 , 4 , 54 )
 INSERT [keybd_layout] ( [keybd_class] , [x] , [y] , [key_value] ) VALUES ( '123            ' , 7 , 5 , 51 )
 INSERT [keybd_layout] ( [keybd_class] , [x] , [y] , [key_value] ) VALUES ( '123            ' , 7 , 6 , 46 )
 INSERT [keybd_layout] ( [keybd_class] , [x] , [y] , [key_value] ) VALUES ( '123            ' , 8 , 1 , 103 )
 INSERT [keybd_layout] ( [keybd_class] , [x] , [y] , [key_value] ) VALUES ( '123            ' , 8 , 2 , 85 )
 INSERT [keybd_layout] ( [keybd_class] , [x] , [y] , [key_value] ) VALUES ( '123            ' , 8 , 3 , 74 )
 INSERT [keybd_layout] ( [keybd_class] , [x] , [y] , [key_value] ) VALUES ( '123            ' , 8 , 4 , 79 )
 INSERT [keybd_layout] ( [keybd_class] , [x] , [y] , [key_value] ) VALUES ( '123            ' , 8 , 5 , 13 )
 INSERT [keybd_layout] ( [keybd_class] , [x] , [y] , [key_value] ) VALUES ( '123            ' , 8 , 6 , 13 )
 INSERT [keybd_layout] ( [keybd_class] , [x] , [y] , [key_value] ) VALUES ( '123            ' , 9 , 1 , 104 )
 INSERT [keybd_layout] ( [keybd_class] , [x] , [y] , [key_value] ) VALUES ( '123            ' , 9 , 2 , 47 )
 INSERT [keybd_layout] ( [keybd_class] , [x] , [y] , [key_value] ) VALUES ( '123            ' , 9 , 3 , 8 )
 INSERT [keybd_layout] ( [keybd_class] , [x] , [y] , [key_value] ) VALUES ( '123            ' , 9 , 4 , 32 )
 INSERT [keybd_layout] ( [keybd_class] , [x] , [y] , [key_value] ) VALUES ( '123            ' , 9 , 5 , 13 )
 INSERT [keybd_layout] ( [keybd_class] , [x] , [y] , [key_value] ) VALUES ( '123            ' , 9 , 6 , 13 )
 INSERT [keybd_layout] ( [keybd_class] , [x] , [y] , [key_value] ) VALUES ( '123            ' , 10 , 1 , 105 )
 INSERT [keybd_layout] ( [keybd_class] , [x] , [y] , [key_value] ) VALUES ( '123            ' , 10 , 2 , 106 )
 INSERT [keybd_layout] ( [keybd_class] , [x] , [y] , [key_value] ) VALUES ( '123            ' , 10 , 3 , 90 )
 INSERT [keybd_layout] ( [keybd_class] , [x] , [y] , [key_value] ) VALUES ( '123            ' , 10 , 4 , 112 )
 INSERT [keybd_layout] ( [keybd_class] , [x] , [y] , [key_value] ) VALUES ( '123            ' , 10 , 5 , 84 )
 INSERT [keybd_layout] ( [keybd_class] , [x] , [y] , [key_value] ) VALUES ( '123            ' , 10 , 6 , 89 )
 INSERT [keybd_layout] ( [keybd_class] , [x] , [y] , [key_value] ) VALUES ( '123            ' , 11 , 1 , 110 )
 INSERT [keybd_layout] ( [keybd_class] , [x] , [y] , [key_value] ) VALUES ( '123            ' , 11 , 2 , 109 )
 INSERT [keybd_layout] ( [keybd_class] , [x] , [y] , [key_value] ) VALUES ( '123            ' , 11 , 3 , 107 )
 INSERT [keybd_layout] ( [keybd_class] , [x] , [y] , [key_value] ) VALUES ( '123            ' , 11 , 4 , 113 )
 INSERT [keybd_layout] ( [keybd_class] , [x] , [y] , [key_value] ) VALUES ( '123            ' , 11 , 5 , 75 )
 INSERT [keybd_layout] ( [keybd_class] , [x] , [y] , [key_value] ) VALUES ( '123            ' , 11 , 6 , 37 )
 INSERT [keybd_layout] ( [keybd_class] , [x] , [y] , [key_value] ) VALUES ( '123            ' , 12 , 2 , 114 )
 INSERT [keybd_layout] ( [keybd_class] , [x] , [y] , [key_value] ) VALUES ( '123            ' , 12 , 3 , 116 )
 INSERT [keybd_layout] ( [keybd_class] , [x] , [y] , [key_value] ) VALUES ( '123            ' , 12 , 4 , 118 )
 INSERT [keybd_layout] ( [keybd_class] , [x] , [y] , [key_value] ) VALUES ( '123            ' , 12 , 5 , 38 )
 INSERT [keybd_layout] ( [keybd_class] , [x] , [y] , [key_value] ) VALUES ( '123            ' , 12 , 6 , 40 )
 INSERT [keybd_layout] ( [keybd_class] , [x] , [y] , [key_value] ) VALUES ( '123            ' , 13 , 2 , 115 )
 INSERT [keybd_layout] ( [keybd_class] , [x] , [y] , [key_value] ) VALUES ( '123            ' , 13 , 3 , 117 )
 INSERT [keybd_layout] ( [keybd_class] , [x] , [y] , [key_value] ) VALUES ( '123            ' , 13 , 4 , 119 )
 INSERT [keybd_layout] ( [keybd_class] , [x] , [y] , [key_value] ) VALUES ( '123            ' , 13 , 5 , 121 )
 INSERT [keybd_layout] ( [keybd_class] , [x] , [y] , [key_value] ) VALUES ( '123            ' , 13 , 6 , 39 )
 INSERT [keybd_layout] ( [keybd_class] , [x] , [y] , [key_value] ) VALUES ( 'HK             ' , 1 , 1 , 27 )
 INSERT [keybd_layout] ( [keybd_class] , [x] , [y] , [key_value] ) VALUES ( 'HK             ' , 1 , 2 , 116 )
 INSERT [keybd_layout] ( [keybd_class] , [x] , [y] , [key_value] ) VALUES ( 'HK             ' , 1 , 3 , 69 )
 INSERT [keybd_layout] ( [keybd_class] , [x] , [y] , [key_value] ) VALUES ( 'HK             ' , 1 , 6 , 89 )
 INSERT [keybd_layout] ( [keybd_class] , [x] , [y] , [key_value] ) VALUES ( 'HK             ' , 1 , 7 , 90 )
 INSERT [keybd_layout] ( [keybd_class] , [x] , [y] , [key_value] ) VALUES ( 'HK             ' , 2 , 2 , 112 )
 INSERT [keybd_layout] ( [keybd_class] , [x] , [y] , [key_value] ) VALUES ( 'HK             ' , 2 , 3 , 65 )
 INSERT [keybd_layout] ( [keybd_class] , [x] , [y] , [key_value] ) VALUES ( 'HK             ' , 2 , 4 , 74 )
 INSERT [keybd_layout] ( [keybd_class] , [x] , [y] , [key_value] ) VALUES ( 'HK             ' , 2 , 5 , 80 )
 INSERT [keybd_layout] ( [keybd_class] , [x] , [y] , [key_value] ) VALUES ( 'HK             ' , 2 , 6 , 83 )
 INSERT [keybd_layout] ( [keybd_class] , [x] , [y] , [key_value] ) VALUES ( 'HK             ' , 2 , 7 , 86 )
 INSERT [keybd_layout] ( [keybd_class] , [x] , [y] , [key_value] ) VALUES ( 'HK             ' , 3 , 2 , 113 )
 INSERT [keybd_layout] ( [keybd_class] , [x] , [y] , [key_value] ) VALUES ( 'HK             ' , 3 , 3 , 66 )
 INSERT [keybd_layout] ( [keybd_class] , [x] , [y] , [key_value] ) VALUES ( 'HK             ' , 3 , 4 , 75 )
 INSERT [keybd_layout] ( [keybd_class] , [x] , [y] , [key_value] ) VALUES ( 'HK             ' , 3 , 5 , 81 )
 INSERT [keybd_layout] ( [keybd_class] , [x] , [y] , [key_value] ) VALUES ( 'HK             ' , 3 , 6 , 84 )
 INSERT [keybd_layout] ( [keybd_class] , [x] , [y] , [key_value] ) VALUES ( 'HK             ' , 3 , 7 , 87 )
 INSERT [keybd_layout] ( [keybd_class] , [x] , [y] , [key_value] ) VALUES ( 'HK             ' , 4 , 2 , 114 )
 INSERT [keybd_layout] ( [keybd_class] , [x] , [y] , [key_value] ) VALUES ( 'HK             ' , 4 , 3 , 67 )
 INSERT [keybd_layout] ( [keybd_class] , [x] , [y] , [key_value] ) VALUES ( 'HK             ' , 4 , 4 , 76 )
 INSERT [keybd_layout] ( [keybd_class] , [x] , [y] , [key_value] ) VALUES ( 'HK             ' , 4 , 5 , 82 )
 INSERT [keybd_layout] ( [keybd_class] , [x] , [y] , [key_value] ) VALUES ( 'HK             ' , 4 , 6 , 85 )
 INSERT [keybd_layout] ( [keybd_class] , [x] , [y] , [key_value] ) VALUES ( 'HK             ' , 4 , 7 , 88 )
 INSERT [keybd_layout] ( [keybd_class] , [x] , [y] , [key_value] ) VALUES ( 'HK             ' , 5 , 2 , 115 )
 INSERT [keybd_layout] ( [keybd_class] , [x] , [y] , [key_value] ) VALUES ( 'HK             ' , 5 , 3 , 68 )
 INSERT [keybd_layout] ( [keybd_class] , [x] , [y] , [key_value] ) VALUES ( 'HK             ' , 5 , 4 , 103 )
 INSERT [keybd_layout] ( [keybd_class] , [x] , [y] , [key_value] ) VALUES ( 'HK             ' , 5 , 5 , 100 )
 INSERT [keybd_layout] ( [keybd_class] , [x] , [y] , [key_value] ) VALUES ( 'HK             ' , 5 , 6 , 97 )
 INSERT [keybd_layout] ( [keybd_class] , [x] , [y] , [key_value] ) VALUES ( 'HK             ' , 5 , 7 , 96 )
 INSERT [keybd_layout] ( [keybd_class] , [x] , [y] , [key_value] ) VALUES ( 'HK             ' , 6 , 4 , 104 )
 INSERT [keybd_layout] ( [keybd_class] , [x] , [y] , [key_value] ) VALUES ( 'HK             ' , 6 , 5 , 101 )
 INSERT [keybd_layout] ( [keybd_class] , [x] , [y] , [key_value] ) VALUES ( 'HK             ' , 6 , 6 , 98 )
 INSERT [keybd_layout] ( [keybd_class] , [x] , [y] , [key_value] ) VALUES ( 'HK             ' , 6 , 7 , 96 )
 INSERT [keybd_layout] ( [keybd_class] , [x] , [y] , [key_value] ) VALUES ( 'HK             ' , 7 , 2 , 117 )
 INSERT [keybd_layout] ( [keybd_class] , [x] , [y] , [key_value] ) VALUES ( 'HK             ' , 7 , 3 , 70 )
 INSERT [keybd_layout] ( [keybd_class] , [x] , [y] , [key_value] ) VALUES ( 'HK             ' , 7 , 4 , 105 )
 INSERT [keybd_layout] ( [keybd_class] , [x] , [y] , [key_value] ) VALUES ( 'HK             ' , 7 , 5 , 102 )
 INSERT [keybd_layout] ( [keybd_class] , [x] , [y] , [key_value] ) VALUES ( 'HK             ' , 7 , 6 , 99 )
 INSERT [keybd_layout] ( [keybd_class] , [x] , [y] , [key_value] ) VALUES ( 'HK             ' , 7 , 7 , 110 )
 INSERT [keybd_layout] ( [keybd_class] , [x] , [y] , [key_value] ) VALUES ( 'HK             ' , 8 , 2 , 118 )
 INSERT [keybd_layout] ( [keybd_class] , [x] , [y] , [key_value] ) VALUES ( 'HK             ' , 8 , 3 , 71 )
 INSERT [keybd_layout] ( [keybd_class] , [x] , [y] , [key_value] ) VALUES ( 'HK             ' , 8 , 4 , 77 )
 INSERT [keybd_layout] ( [keybd_class] , [x] , [y] , [key_value] ) VALUES ( 'HK             ' , 8 , 5 , 36 )
 INSERT [keybd_layout] ( [keybd_class] , [x] , [y] , [key_value] ) VALUES ( 'HK             ' , 8 , 6 , 37 )
 INSERT [keybd_layout] ( [keybd_class] , [x] , [y] , [key_value] ) VALUES ( 'HK             ' , 8 , 7 , 13 )
 INSERT [keybd_layout] ( [keybd_class] , [x] , [y] , [key_value] ) VALUES ( 'HK             ' , 9 , 2 , 119 )
 INSERT [keybd_layout] ( [keybd_class] , [x] , [y] , [key_value] ) VALUES ( 'HK             ' , 9 , 3 , 72 )
 INSERT [keybd_layout] ( [keybd_class] , [x] , [y] , [key_value] ) VALUES ( 'HK             ' , 9 , 4 , 78 )
 INSERT [keybd_layout] ( [keybd_class] , [x] , [y] , [key_value] ) VALUES ( 'HK             ' , 9 , 5 , 38 )
 INSERT [keybd_layout] ( [keybd_class] , [x] , [y] , [key_value] ) VALUES ( 'HK             ' , 9 , 6 , 32 )
 INSERT [keybd_layout] ( [keybd_class] , [x] , [y] , [key_value] ) VALUES ( 'HK             ' , 9 , 7 , 40 )
 INSERT [keybd_layout] ( [keybd_class] , [x] , [y] , [key_value] ) VALUES ( 'HK             ' , 10 , 2 , 120 )
 INSERT [keybd_layout] ( [keybd_class] , [x] , [y] , [key_value] ) VALUES ( 'HK             ' , 10 , 3 , 73 )
 INSERT [keybd_layout] ( [keybd_class] , [x] , [y] , [key_value] ) VALUES ( 'HK             ' , 10 , 4 , 79 )
 INSERT [keybd_layout] ( [keybd_class] , [x] , [y] , [key_value] ) VALUES ( 'HK             ' , 10 , 5 , 33 )
 INSERT [keybd_layout] ( [keybd_class] , [x] , [y] , [key_value] ) VALUES ( 'HK             ' , 10 , 6 , 39 )
 INSERT [keybd_layout] ( [keybd_class] , [x] , [y] , [key_value] ) VALUES ( 'HK             ' , 10 , 7 , 34 )
 INSERT [keybd_layout] ( [keybd_class] , [x] , [y] , [key_value] ) VALUES ( 'I95            ' , 1 , 1 , 27 )
 INSERT [keybd_layout] ( [keybd_class] , [x] , [y] , [key_value] ) VALUES ( 'I95            ' , 1 , 2 , 74 )
 INSERT [keybd_layout] ( [keybd_class] , [x] , [y] , [key_value] ) VALUES ( 'I95            ' , 1 , 3 , 83 )
 INSERT [keybd_layout] ( [keybd_class] , [x] , [y] , [key_value] ) VALUES ( 'I95            ' , 1 , 4 , 65 )
 INSERT [keybd_layout] ( [keybd_class] , [x] , [y] , [key_value] ) VALUES ( 'I95            ' , 1 , 5 , 77 )
 INSERT [keybd_layout] ( [keybd_class] , [x] , [y] , [key_value] ) VALUES ( 'I95            ' , 2 , 1 , 66 )
 INSERT [keybd_layout] ( [keybd_class] , [x] , [y] , [key_value] ) VALUES ( 'I95            ' , 2 , 2 , 75 )
 INSERT [keybd_layout] ( [keybd_class] , [x] , [y] , [key_value] ) VALUES ( 'I95            ' , 2 , 3 , 84 )
 INSERT [keybd_layout] ( [keybd_class] , [x] , [y] , [key_value] ) VALUES ( 'I95            ' , 2 , 4 , 32 )
 INSERT [keybd_layout] ( [keybd_class] , [x] , [y] , [key_value] ) VALUES ( 'I95            ' , 2 , 5 , 78 )
 INSERT [keybd_layout] ( [keybd_class] , [x] , [y] , [key_value] ) VALUES ( 'I95            ' , 3 , 1 , 67 )
 INSERT [keybd_layout] ( [keybd_class] , [x] , [y] , [key_value] ) VALUES ( 'I95            ' , 3 , 2 , 76 )
 INSERT [keybd_layout] ( [keybd_class] , [x] , [y] , [key_value] ) VALUES ( 'I95            ' , 3 , 3 , 85 )
 INSERT [keybd_layout] ( [keybd_class] , [x] , [y] , [key_value] ) VALUES ( 'I95            ' , 3 , 4 , 155 )
 INSERT [keybd_layout] ( [keybd_class] , [x] , [y] , [key_value] ) VALUES ( 'I95            ' , 3 , 5 , 79 )
 INSERT [keybd_layout] ( [keybd_class] , [x] , [y] , [key_value] ) VALUES ( 'I95            ' , 4 , 1 , 68 )
 INSERT [keybd_layout] ( [keybd_class] , [x] , [y] , [key_value] ) VALUES ( 'I95            ' , 4 , 2 , 55 )
 INSERT [keybd_layout] ( [keybd_class] , [x] , [y] , [key_value] ) VALUES ( 'I95            ' , 4 , 3 , 52 )
 INSERT [keybd_layout] ( [keybd_class] , [x] , [y] , [key_value] ) VALUES ( 'I95            ' , 4 , 4 , 49 )
 INSERT [keybd_layout] ( [keybd_class] , [x] , [y] , [key_value] ) VALUES ( 'I95            ' , 4 , 5 , 48 )
 INSERT [keybd_layout] ( [keybd_class] , [x] , [y] , [key_value] ) VALUES ( 'I95            ' , 5 , 1 , 69 )
 INSERT [keybd_layout] ( [keybd_class] , [x] , [y] , [key_value] ) VALUES ( 'I95            ' , 5 , 2 , 56 )
 INSERT [keybd_layout] ( [keybd_class] , [x] , [y] , [key_value] ) VALUES ( 'I95            ' , 5 , 3 , 53 )
 INSERT [keybd_layout] ( [keybd_class] , [x] , [y] , [key_value] ) VALUES ( 'I95            ' , 5 , 4 , 50 )
 INSERT [keybd_layout] ( [keybd_class] , [x] , [y] , [key_value] ) VALUES ( 'I95            ' , 5 , 5 , 254 )
 INSERT [keybd_layout] ( [keybd_class] , [x] , [y] , [key_value] ) VALUES ( 'I95            ' , 6 , 1 , 70 )
 INSERT [keybd_layout] ( [keybd_class] , [x] , [y] , [key_value] ) VALUES ( 'I95            ' , 6 , 2 , 57 )
 INSERT [keybd_layout] ( [keybd_class] , [x] , [y] , [key_value] ) VALUES ( 'I95            ' , 6 , 3 , 54 )
 INSERT [keybd_layout] ( [keybd_class] , [x] , [y] , [key_value] ) VALUES ( 'I95            ' , 6 , 4 , 51 )
 INSERT [keybd_layout] ( [keybd_class] , [x] , [y] , [key_value] ) VALUES ( 'I95            ' , 6 , 5 , 46 )
 INSERT [keybd_layout] ( [keybd_class] , [x] , [y] , [key_value] ) VALUES ( 'I95            ' , 7 , 1 , 71 )
 INSERT [keybd_layout] ( [keybd_class] , [x] , [y] , [key_value] ) VALUES ( 'I95            ' , 7 , 2 , 8 )
 INSERT [keybd_layout] ( [keybd_class] , [x] , [y] , [key_value] ) VALUES ( 'I95            ' , 7 , 3 , 89 )
 INSERT [keybd_layout] ( [keybd_class] , [x] , [y] , [key_value] ) VALUES ( 'I95            ' , 7 , 4 , 45 )
 INSERT [keybd_layout] ( [keybd_class] , [x] , [y] , [key_value] ) VALUES ( 'I95            ' , 7 , 5 , 13 )
 INSERT [keybd_layout] ( [keybd_class] , [x] , [y] , [key_value] ) VALUES ( 'I95            ' , 8 , 1 , 72 )
 INSERT [keybd_layout] ( [keybd_class] , [x] , [y] , [key_value] ) VALUES ( 'I95            ' , 8 , 2 , 81 )
 INSERT [keybd_layout] ( [keybd_class] , [x] , [y] , [key_value] ) VALUES ( 'I95            ' , 8 , 3 , 90 )
 INSERT [keybd_layout] ( [keybd_class] , [x] , [y] , [key_value] ) VALUES ( 'I95            ' , 8 , 4 , 92 )
 INSERT [keybd_layout] ( [keybd_class] , [x] , [y] , [key_value] ) VALUES ( 'I95            ' , 8 , 5 , 86 )
 INSERT [keybd_layout] ( [keybd_class] , [x] , [y] , [key_value] ) VALUES ( 'I95            ' , 9 , 1 , 73 )
 INSERT [keybd_layout] ( [keybd_class] , [x] , [y] , [key_value] ) VALUES ( 'I95            ' , 9 , 2 , 82 )
 INSERT [keybd_layout] ( [keybd_class] , [x] , [y] , [key_value] ) VALUES ( 'I95            ' , 9 , 3 , 91 )
 INSERT [keybd_layout] ( [keybd_class] , [x] , [y] , [key_value] ) VALUES ( 'I95            ' , 9 , 4 , 88 )
 INSERT [keybd_layout] ( [keybd_class] , [x] , [y] , [key_value] ) VALUES ( 'I95            ' , 9 , 5 , 87 )
 INSERT [keybd_layout] ( [keybd_class] , [x] , [y] , [key_value] ) VALUES ( 'I95            ' , 10 , 1 , 112 )
 INSERT [keybd_layout] ( [keybd_class] , [x] , [y] , [key_value] ) VALUES ( 'I95            ' , 10 , 2 , 118 )
 INSERT [keybd_layout] ( [keybd_class] , [x] , [y] , [key_value] ) VALUES ( 'I95            ' , 10 , 3 , 93 )
 INSERT [keybd_layout] ( [keybd_class] , [x] , [y] , [key_value] ) VALUES ( 'I95            ' , 10 , 4 , 102 )
 INSERT [keybd_layout] ( [keybd_class] , [x] , [y] , [key_value] ) VALUES ( 'I95            ' , 10 , 5 , 37 )
 INSERT [keybd_layout] ( [keybd_class] , [x] , [y] , [key_value] ) VALUES ( 'I95            ' , 11 , 1 , 113 )
 INSERT [keybd_layout] ( [keybd_class] , [x] , [y] , [key_value] ) VALUES ( 'I95            ' , 11 , 2 , 119 )
 INSERT [keybd_layout] ( [keybd_class] , [x] , [y] , [key_value] ) VALUES ( 'I95            ' , 11 , 3 , 97 )
 INSERT [keybd_layout] ( [keybd_class] , [x] , [y] , [key_value] ) VALUES ( 'I95            ' , 11 , 4 , 38 )
 INSERT [keybd_layout] ( [keybd_class] , [x] , [y] , [key_value] ) VALUES ( 'I95            ' , 11 , 5 , 40 )
 INSERT [keybd_layout] ( [keybd_class] , [x] , [y] , [key_value] ) VALUES ( 'I95            ' , 12 , 1 , 114 )
 INSERT [keybd_layout] ( [keybd_class] , [x] , [y] , [key_value] ) VALUES ( 'I95            ' , 12 , 2 , 120 )
 INSERT [keybd_layout] ( [keybd_class] , [x] , [y] , [key_value] ) VALUES ( 'I95            ' , 12 , 3 , 98 )
 INSERT [keybd_layout] ( [keybd_class] , [x] , [y] , [key_value] ) VALUES ( 'I95            ' , 12 , 4 , 104 )
 INSERT [keybd_layout] ( [keybd_class] , [x] , [y] , [key_value] ) VALUES ( 'I95            ' , 12 , 5 , 39 )
 INSERT [keybd_layout] ( [keybd_class] , [x] , [y] , [key_value] ) VALUES ( 'I95            ' , 13 , 1 , 115 )
 INSERT [keybd_layout] ( [keybd_class] , [x] , [y] , [key_value] ) VALUES ( 'I95            ' , 13 , 2 , 121 )
 INSERT [keybd_layout] ( [keybd_class] , [x] , [y] , [key_value] ) VALUES ( 'I95            ' , 13 , 3 , 99 )
 INSERT [keybd_layout] ( [keybd_class] , [x] , [y] , [key_value] ) VALUES ( 'I95            ' , 13 , 4 , 105 )
 INSERT [keybd_layout] ( [keybd_class] , [x] , [y] , [key_value] ) VALUES ( 'I95            ' , 13 , 5 , 103 )
 INSERT [keybd_layout] ( [keybd_class] , [x] , [y] , [key_value] ) VALUES ( 'I95            ' , 14 , 1 , 116 )
 INSERT [keybd_layout] ( [keybd_class] , [x] , [y] , [key_value] ) VALUES ( 'I95            ' , 14 , 2 , 122 )
 INSERT [keybd_layout] ( [keybd_class] , [x] , [y] , [key_value] ) VALUES ( 'I95            ' , 14 , 3 , 100 )
 INSERT [keybd_layout] ( [keybd_class] , [x] , [y] , [key_value] ) VALUES ( 'I95            ' , 14 , 4 , 96 )
 INSERT [keybd_layout] ( [keybd_class] , [x] , [y] , [key_value] ) VALUES ( 'I95            ' , 14 , 5 , 33 )
 INSERT [keybd_layout] ( [keybd_class] , [x] , [y] , [key_value] ) VALUES ( 'I95            ' , 15 , 1 , 117 )
 INSERT [keybd_layout] ( [keybd_class] , [x] , [y] , [key_value] ) VALUES ( 'I95            ' , 15 , 2 , 123 )
 INSERT [keybd_layout] ( [keybd_class] , [x] , [y] , [key_value] ) VALUES ( 'I95            ' , 15 , 3 , 101 )
 INSERT [keybd_layout] ( [keybd_class] , [x] , [y] , [key_value] ) VALUES ( 'I95            ' , 15 , 4 , 47 )
 INSERT [keybd_layout] ( [keybd_class] , [x] , [y] , [key_value] ) VALUES ( 'I95            ' , 15 , 5 , 34 )
 INSERT [keybd_layout] ( [keybd_class] , [x] , [y] , [key_value] ) VALUES ( 'I95            ' , 16 , 1 , 44 )
 INSERT [keybd_layout] ( [keybd_class] , [x] , [y] , [key_value] ) VALUES ( 'I95            ' , 16 , 2 , 110 )
 INSERT [keybd_layout] ( [keybd_class] , [x] , [y] , [key_value] ) VALUES ( 'I95            ' , 16 , 3 , 36 )
 INSERT [keybd_layout] ( [keybd_class] , [x] , [y] , [key_value] ) VALUES ( 'I95            ' , 16 , 4 , 127 )
 INSERT [keybd_layout] ( [keybd_class] , [x] , [y] , [key_value] ) VALUES ( 'I95            ' , 16 , 5 , 59 )
 INSERT [keybd_layout] ( [keybd_class] , [x] , [y] , [key_value] ) VALUES ( 'I95            ' , 17 , 1 , 20 )
 INSERT [keybd_layout] ( [keybd_class] , [x] , [y] , [key_value] ) VALUES ( 'I95            ' , 17 , 2 , 111 )
 INSERT [keybd_layout] ( [keybd_class] , [x] , [y] , [key_value] ) VALUES ( 'I95            ' , 17 , 3 , 35 )
 INSERT [keybd_layout] ( [keybd_class] , [x] , [y] , [key_value] ) VALUES ( 'I95            ' , 17 , 4 , 192 )
 INSERT [keybd_layout] ( [keybd_class] , [x] , [y] , [key_value] ) VALUES ( 'I95            ' , 17 , 5 , 222 )
 INSERT [keybd_layout] ( [keybd_class] , [x] , [y] , [key_value] ) VALUES ( 'I95            ' , 18 , 1 , 106 )
 INSERT [keybd_layout] ( [keybd_class] , [x] , [y] , [key_value] ) VALUES ( 'I95            ' , 18 , 2 , 80 )
 INSERT [keybd_layout] ( [keybd_class] , [x] , [y] , [key_value] ) VALUES ( 'I95            ' , 18 , 3 , 107 )
 INSERT [keybd_layout] ( [keybd_class] , [x] , [y] , [key_value] ) VALUES ( 'IBM            ' , 1 , 1 , 114 )
 INSERT [keybd_layout] ( [keybd_class] , [x] , [y] , [key_value] ) VALUES ( 'IBM            ' , 1 , 2 , 120 )
 INSERT [keybd_layout] ( [keybd_class] , [x] , [y] , [key_value] ) VALUES ( 'IBM            ' , 1 , 3 , 27 )
 INSERT [keybd_layout] ( [keybd_class] , [x] , [y] , [key_value] ) VALUES ( 'IBM            ' , 1 , 4 , 221 )
 INSERT [keybd_layout] ( [keybd_class] , [x] , [y] , [key_value] ) VALUES ( 'IBM            ' , 1 , 5 , 9 )
 INSERT [keybd_layout] ( [keybd_class] , [x] , [y] , [key_value] ) VALUES ( 'IBM            ' , 1 , 6 , 20 )
 INSERT [keybd_layout] ( [keybd_class] , [x] , [y] , [key_value] ) VALUES ( 'IBM            ' , 1 , 7 , 16 )
 INSERT [keybd_layout] ( [keybd_class] , [x] , [y] , [key_value] ) VALUES ( 'IBM            ' , 1 , 8 , 17 )
 INSERT [keybd_layout] ( [keybd_class] , [x] , [y] , [key_value] ) VALUES ( 'IBM            ' , 2 , 1 , 77 )
 INSERT [keybd_layout] ( [keybd_class] , [x] , [y] , [key_value] ) VALUES ( 'IBM            ' , 2 , 2 , 76 )
 INSERT [keybd_layout] ( [keybd_class] , [x] , [y] , [key_value] ) VALUES ( 'IBM            ' , 2 , 3 , 112 )
 INSERT [keybd_layout] ( [keybd_class] , [x] , [y] , [key_value] ) VALUES ( 'IBM            ' , 2 , 4 , 49 )
 INSERT [keybd_layout] ( [keybd_class] , [x] , [y] , [key_value] ) VALUES ( 'IBM            ' , 2 , 5 , 81 )
 INSERT [keybd_layout] ( [keybd_class] , [x] , [y] , [key_value] ) VALUES ( 'IBM            ' , 2 , 6 , 65 )
 INSERT [keybd_layout] ( [keybd_class] , [x] , [y] , [key_value] ) VALUES ( 'IBM            ' , 2 , 7 , 16 )
 INSERT [keybd_layout] ( [keybd_class] , [x] , [y] , [key_value] ) VALUES ( 'IBM            ' , 2 , 8 , 18 )
 INSERT [keybd_layout] ( [keybd_class] , [x] , [y] , [key_value] ) VALUES ( 'IBM            ' , 3 , 1 , 73 )
 INSERT [keybd_layout] ( [keybd_class] , [x] , [y] , [key_value] ) VALUES ( 'IBM            ' , 3 , 2 , 80 )
 INSERT [keybd_layout] ( [keybd_class] , [x] , [y] , [key_value] ) VALUES ( 'IBM            ' , 3 , 3 , 113 )
 INSERT [keybd_layout] ( [keybd_class] , [x] , [y] , [key_value] ) VALUES ( 'IBM            ' , 3 , 4 , 50 )
 INSERT [keybd_layout] ( [keybd_class] , [x] , [y] , [key_value] ) VALUES ( 'IBM            ' , 3 , 5 , 87 )
 INSERT [keybd_layout] ( [keybd_class] , [x] , [y] , [key_value] ) VALUES ( 'IBM            ' , 3 , 6 , 83 )
 INSERT [keybd_layout] ( [keybd_class] , [x] , [y] , [key_value] ) VALUES ( 'IBM            ' , 3 , 7 , 90 )
 INSERT [keybd_layout] ( [keybd_class] , [x] , [y] , [key_value] ) VALUES ( 'IBM            ' , 3 , 8 , 32 )
 INSERT [keybd_layout] ( [keybd_class] , [x] , [y] , [key_value] ) VALUES ( 'IBM            ' , 4 , 1 , 83 )
 INSERT [keybd_layout] ( [keybd_class] , [x] , [y] , [key_value] ) VALUES ( 'IBM            ' , 4 , 2 , 112 )
 INSERT [keybd_layout] ( [keybd_class] , [x] , [y] , [key_value] ) VALUES ( 'IBM            ' , 4 , 3 , 114 )
 INSERT [keybd_layout] ( [keybd_class] , [x] , [y] , [key_value] ) VALUES ( 'IBM            ' , 4 , 4 , 51 )
 INSERT [keybd_layout] ( [keybd_class] , [x] , [y] , [key_value] ) VALUES ( 'IBM            ' , 4 , 5 , 69 )
 INSERT [keybd_layout] ( [keybd_class] , [x] , [y] , [key_value] ) VALUES ( 'IBM            ' , 4 , 6 , 68 )
 INSERT [keybd_layout] ( [keybd_class] , [x] , [y] , [key_value] ) VALUES ( 'IBM            ' , 4 , 7 , 88 )
 INSERT [keybd_layout] ( [keybd_class] , [x] , [y] , [key_value] ) VALUES ( 'IBM            ' , 4 , 8 , 32 )
 INSERT [keybd_layout] ( [keybd_class] , [x] , [y] , [key_value] ) VALUES ( 'IBM            ' , 5 , 1 , 72 )
 INSERT [keybd_layout] ( [keybd_class] , [x] , [y] , [key_value] ) VALUES ( 'IBM            ' , 5 , 2 , 75 )
 INSERT [keybd_layout] ( [keybd_class] , [x] , [y] , [key_value] ) VALUES ( 'IBM            ' , 5 , 3 , 115 )
 INSERT [keybd_layout] ( [keybd_class] , [x] , [y] , [key_value] ) VALUES ( 'IBM            ' , 5 , 4 , 52 )
 INSERT [keybd_layout] ( [keybd_class] , [x] , [y] , [key_value] ) VALUES ( 'IBM            ' , 5 , 5 , 82 )
 INSERT [keybd_layout] ( [keybd_class] , [x] , [y] , [key_value] ) VALUES ( 'IBM            ' , 5 , 6 , 70 )
 INSERT [keybd_layout] ( [keybd_class] , [x] , [y] , [key_value] ) VALUES ( 'IBM            ' , 5 , 7 , 67 )
 INSERT [keybd_layout] ( [keybd_class] , [x] , [y] , [key_value] ) VALUES ( 'IBM            ' , 5 , 8 , 32 )
 INSERT [keybd_layout] ( [keybd_class] , [x] , [y] , [key_value] ) VALUES ( 'IBM            ' , 6 , 1 , 18 )
 INSERT [keybd_layout] ( [keybd_class] , [x] , [y] , [key_value] ) VALUES ( 'IBM            ' , 6 , 2 , 67 )
 INSERT [keybd_layout] ( [keybd_class] , [x] , [y] , [key_value] ) VALUES ( 'IBM            ' , 6 , 3 , 116 )
 INSERT [keybd_layout] ( [keybd_class] , [x] , [y] , [key_value] ) VALUES ( 'IBM            ' , 6 , 4 , 53 )
 INSERT [keybd_layout] ( [keybd_class] , [x] , [y] , [key_value] ) VALUES ( 'IBM            ' , 6 , 5 , 84 )
 INSERT [keybd_layout] ( [keybd_class] , [x] , [y] , [key_value] ) VALUES ( 'IBM            ' , 6 , 6 , 71 )
 INSERT [keybd_layout] ( [keybd_class] , [x] , [y] , [key_value] ) VALUES ( 'IBM            ' , 6 , 7 , 86 )
 INSERT [keybd_layout] ( [keybd_class] , [x] , [y] , [key_value] ) VALUES ( 'IBM            ' , 6 , 8 , 32 )
 INSERT [keybd_layout] ( [keybd_class] , [x] , [y] , [key_value] ) VALUES ( 'IBM            ' , 7 , 1 , 85 )
 INSERT [keybd_layout] ( [keybd_class] , [x] , [y] , [key_value] ) VALUES ( 'IBM            ' , 7 , 2 , 68 )
 INSERT [keybd_layout] ( [keybd_class] , [x] , [y] , [key_value] ) VALUES ( 'IBM            ' , 7 , 3 , 117 )
 INSERT [keybd_layout] ( [keybd_class] , [x] , [y] , [key_value] ) VALUES ( 'IBM            ' , 7 , 4 , 54 )
 INSERT [keybd_layout] ( [keybd_class] , [x] , [y] , [key_value] ) VALUES ( 'IBM            ' , 7 , 5 , 89 )
 INSERT [keybd_layout] ( [keybd_class] , [x] , [y] , [key_value] ) VALUES ( 'IBM            ' , 7 , 6 , 72 )
 INSERT [keybd_layout] ( [keybd_class] , [x] , [y] , [key_value] ) VALUES ( 'IBM            ' , 7 , 7 , 66 )
 INSERT [keybd_layout] ( [keybd_class] , [x] , [y] , [key_value] ) VALUES ( 'IBM            ' , 7 , 8 , 32 )
 INSERT [keybd_layout] ( [keybd_class] , [x] , [y] , [key_value] ) VALUES ( 'IBM            ' , 8 , 1 , 84 )
 INSERT [keybd_layout] ( [keybd_class] , [x] , [y] , [key_value] ) VALUES ( 'IBM            ' , 8 , 2 , 78 )
 INSERT [keybd_layout] ( [keybd_class] , [x] , [y] , [key_value] ) VALUES ( 'IBM            ' , 8 , 3 , 118 )
 INSERT [keybd_layout] ( [keybd_class] , [x] , [y] , [key_value] ) VALUES ( 'IBM            ' , 8 , 4 , 55 )
 INSERT [keybd_layout] ( [keybd_class] , [x] , [y] , [key_value] ) VALUES ( 'IBM            ' , 8 , 5 , 85 )
 INSERT [keybd_layout] ( [keybd_class] , [x] , [y] , [key_value] ) VALUES ( 'IBM            ' , 8 , 6 , 74 )
 INSERT [keybd_layout] ( [keybd_class] , [x] , [y] , [key_value] ) VALUES ( 'IBM            ' , 8 , 7 , 78 )
 INSERT [keybd_layout] ( [keybd_class] , [x] , [y] , [key_value] ) VALUES ( 'IBM            ' , 8 , 8 , 32 )
 INSERT [keybd_layout] ( [keybd_class] , [x] , [y] , [key_value] ) VALUES ( 'IBM            ' , 9 , 1 , 69 )
 INSERT [keybd_layout] ( [keybd_class] , [x] , [y] , [key_value] ) VALUES ( 'IBM            ' , 9 , 2 , 70 )
 INSERT [keybd_layout] ( [keybd_class] , [x] , [y] , [key_value] ) VALUES ( 'IBM            ' , 9 , 3 , 119 )
 INSERT [keybd_layout] ( [keybd_class] , [x] , [y] , [key_value] ) VALUES ( 'IBM            ' , 9 , 4 , 56 )
 INSERT [keybd_layout] ( [keybd_class] , [x] , [y] , [key_value] ) VALUES ( 'IBM            ' , 9 , 5 , 73 )
 INSERT [keybd_layout] ( [keybd_class] , [x] , [y] , [key_value] ) VALUES ( 'IBM            ' , 9 , 6 , 75 )
 INSERT [keybd_layout] ( [keybd_class] , [x] , [y] , [key_value] ) VALUES ( 'IBM            ' , 9 , 7 , 77 )
 INSERT [keybd_layout] ( [keybd_class] , [x] , [y] , [key_value] ) VALUES ( 'IBM            ' , 9 , 8 , 32 )
 INSERT [keybd_layout] ( [keybd_class] , [x] , [y] , [key_value] ) VALUES ( 'IBM            ' , 10 , 1 , 87 )
 INSERT [keybd_layout] ( [keybd_class] , [x] , [y] , [key_value] ) VALUES ( 'IBM            ' , 10 , 2 , 82 )
 INSERT [keybd_layout] ( [keybd_class] , [x] , [y] , [key_value] ) VALUES ( 'IBM            ' , 10 , 3 , 120 )
 INSERT [keybd_layout] ( [keybd_class] , [x] , [y] , [key_value] ) VALUES ( 'IBM            ' , 10 , 4 , 57 )
 INSERT [keybd_layout] ( [keybd_class] , [x] , [y] , [key_value] ) VALUES ( 'IBM            ' , 10 , 5 , 79 )
 INSERT [keybd_layout] ( [keybd_class] , [x] , [y] , [key_value] ) VALUES ( 'IBM            ' , 10 , 6 , 76 )
 INSERT [keybd_layout] ( [keybd_class] , [x] , [y] , [key_value] ) VALUES ( 'IBM            ' , 10 , 7 , 44 )
 INSERT [keybd_layout] ( [keybd_class] , [x] , [y] , [key_value] ) VALUES ( 'IBM            ' , 10 , 8 , 32 )
 INSERT [keybd_layout] ( [keybd_class] , [x] , [y] , [key_value] ) VALUES ( 'IBM            ' , 11 , 1 , 78 )
 INSERT [keybd_layout] ( [keybd_class] , [x] , [y] , [key_value] ) VALUES ( 'IBM            ' , 11 , 2 , 89 )
 INSERT [keybd_layout] ( [keybd_class] , [x] , [y] , [key_value] ) VALUES ( 'IBM            ' , 11 , 3 , 121 )
 INSERT [keybd_layout] ( [keybd_class] , [x] , [y] , [key_value] ) VALUES ( 'IBM            ' , 11 , 4 , 48 )
 INSERT [keybd_layout] ( [keybd_class] , [x] , [y] , [key_value] ) VALUES ( 'IBM            ' , 11 , 5 , 80 )
 INSERT [keybd_layout] ( [keybd_class] , [x] , [y] , [key_value] ) VALUES ( 'IBM            ' , 11 , 6 , 59 )
 INSERT [keybd_layout] ( [keybd_class] , [x] , [y] , [key_value] ) VALUES ( 'IBM            ' , 11 , 7 , 46 )
 INSERT [keybd_layout] ( [keybd_class] , [x] , [y] , [key_value] ) VALUES ( 'IBM            ' , 11 , 8 , 18 )
 INSERT [keybd_layout] ( [keybd_class] , [x] , [y] , [key_value] ) VALUES ( 'IBM            ' , 12 , 1 , 74 )
 INSERT [keybd_layout] ( [keybd_class] , [x] , [y] , [key_value] ) VALUES ( 'IBM            ' , 12 , 2 , 84 )
 INSERT [keybd_layout] ( [keybd_class] , [x] , [y] , [key_value] ) VALUES ( 'IBM            ' , 12 , 3 , 122 )
 INSERT [keybd_layout] ( [keybd_class] , [x] , [y] , [key_value] ) VALUES ( 'IBM            ' , 12 , 4 , 109 )
 INSERT [keybd_layout] ( [keybd_class] , [x] , [y] , [key_value] ) VALUES ( 'IBM            ' , 12 , 5 , 91 )
 INSERT [keybd_layout] ( [keybd_class] , [x] , [y] , [key_value] ) VALUES ( 'IBM            ' , 12 , 6 , 222 )
 INSERT [keybd_layout] ( [keybd_class] , [x] , [y] , [key_value] ) VALUES ( 'IBM            ' , 12 , 7 , 47 )
 INSERT [keybd_layout] ( [keybd_class] , [x] , [y] , [key_value] ) VALUES ( 'IBM            ' , 12 , 8 , 37 )
 INSERT [keybd_layout] ( [keybd_class] , [x] , [y] , [key_value] ) VALUES ( 'IBM            ' , 13 , 3 , 123 )
 INSERT [keybd_layout] ( [keybd_class] , [x] , [y] , [key_value] ) VALUES ( 'IBM            ' , 13 , 4 , 61 )
 INSERT [keybd_layout] ( [keybd_class] , [x] , [y] , [key_value] ) VALUES ( 'IBM            ' , 13 , 5 , 93 )
 INSERT [keybd_layout] ( [keybd_class] , [x] , [y] , [key_value] ) VALUES ( 'IBM            ' , 13 , 6 , 92 )
 INSERT [keybd_layout] ( [keybd_class] , [x] , [y] , [key_value] ) VALUES ( 'IBM            ' , 13 , 7 , 38 )
 INSERT [keybd_layout] ( [keybd_class] , [x] , [y] , [key_value] ) VALUES ( 'IBM            ' , 13 , 8 , 40 )
 INSERT [keybd_layout] ( [keybd_class] , [x] , [y] , [key_value] ) VALUES ( 'IBM            ' , 14 , 4 , 8 )
 INSERT [keybd_layout] ( [keybd_class] , [x] , [y] , [key_value] ) VALUES ( 'IBM            ' , 14 , 5 , 13 )
 INSERT [keybd_layout] ( [keybd_class] , [x] , [y] , [key_value] ) VALUES ( 'IBM            ' , 14 , 6 , 13 )
 INSERT [keybd_layout] ( [keybd_class] , [x] , [y] , [key_value] ) VALUES ( 'IBM            ' , 14 , 7 , 16 )
 INSERT [keybd_layout] ( [keybd_class] , [x] , [y] , [key_value] ) VALUES ( 'IBM            ' , 14 , 8 , 39 )
 INSERT [keybd_layout] ( [keybd_class] , [x] , [y] , [key_value] ) VALUES ( 'IBM            ' , 15 , 1 , 119 )
 INSERT [keybd_layout] ( [keybd_class] , [x] , [y] , [key_value] ) VALUES ( 'IBM            ' , 15 , 2 , 75 )
 INSERT [keybd_layout] ( [keybd_class] , [x] , [y] , [key_value] ) VALUES ( 'IBM            ' , 15 , 5 , 103 )
 INSERT [keybd_layout] ( [keybd_class] , [x] , [y] , [key_value] ) VALUES ( 'IBM            ' , 15 , 6 , 100 )
 INSERT [keybd_layout] ( [keybd_class] , [x] , [y] , [key_value] ) VALUES ( 'IBM            ' , 15 , 7 , 97 )
 INSERT [keybd_layout] ( [keybd_class] , [x] , [y] , [key_value] ) VALUES ( 'IBM            ' , 15 , 8 , 254 )
 INSERT [keybd_layout] ( [keybd_class] , [x] , [y] , [key_value] ) VALUES ( 'IBM            ' , 16 , 1 , 8 )
 INSERT [keybd_layout] ( [keybd_class] , [x] , [y] , [key_value] ) VALUES ( 'IBM            ' , 16 , 2 , 122 )
 INSERT [keybd_layout] ( [keybd_class] , [x] , [y] , [key_value] ) VALUES ( 'IBM            ' , 16 , 5 , 104 )
 INSERT [keybd_layout] ( [keybd_class] , [x] , [y] , [key_value] ) VALUES ( 'IBM            ' , 16 , 6 , 101 )
 INSERT [keybd_layout] ( [keybd_class] , [x] , [y] , [key_value] ) VALUES ( 'IBM            ' , 16 , 7 , 98 )
 INSERT [keybd_layout] ( [keybd_class] , [x] , [y] , [key_value] ) VALUES ( 'IBM            ' , 16 , 8 , 96 )
 INSERT [keybd_layout] ( [keybd_class] , [x] , [y] , [key_value] ) VALUES ( 'IBM            ' , 17 , 1 , 118 )
 INSERT [keybd_layout] ( [keybd_class] , [x] , [y] , [key_value] ) VALUES ( 'IBM            ' , 17 , 2 , 16 )
 INSERT [keybd_layout] ( [keybd_class] , [x] , [y] , [key_value] ) VALUES ( 'IBM            ' , 17 , 5 , 105 )
 INSERT [keybd_layout] ( [keybd_class] , [x] , [y] , [key_value] ) VALUES ( 'IBM            ' , 17 , 6 , 102 )
 INSERT [keybd_layout] ( [keybd_class] , [x] , [y] , [key_value] ) VALUES ( 'IBM            ' , 17 , 7 , 99 )
 INSERT [keybd_layout] ( [keybd_class] , [x] , [y] , [key_value] ) VALUES ( 'IBM            ' , 17 , 8 , 127 )
 INSERT [keybd_layout] ( [keybd_class] , [x] , [y] , [key_value] ) VALUES ( 'IBM            ' , 18 , 1 , 117 )
 INSERT [keybd_layout] ( [keybd_class] , [x] , [y] , [key_value] ) VALUES ( 'IBM            ' , 18 , 2 , 112 )
 INSERT [keybd_layout] ( [keybd_class] , [x] , [y] , [key_value] ) VALUES ( 'IBM            ' , 18 , 5 , 107 )
 INSERT [keybd_layout] ( [keybd_class] , [x] , [y] , [key_value] ) VALUES ( 'IBM            ' , 18 , 6 , 107 )
 INSERT [keybd_layout] ( [keybd_class] , [x] , [y] , [key_value] ) VALUES ( 'IBM            ' , 18 , 7 , 13 )
 INSERT [keybd_layout] ( [keybd_class] , [x] , [y] , [key_value] ) VALUES ( 'IBM            ' , 18 , 8 , 13 )
 INSERT [keybd_layout] ( [keybd_class] , [x] , [y] , [key_value] ) VALUES ( 'NCR            ' , 1 , 1 , 91 )
 INSERT [keybd_layout] ( [keybd_class] , [x] , [y] , [key_value] ) VALUES ( 'NCR            ' , 1 , 2 , 27 )
 INSERT [keybd_layout] ( [keybd_class] , [x] , [y] , [key_value] ) VALUES ( 'NCR            ' , 1 , 3 , 155 )
 INSERT [keybd_layout] ( [keybd_class] , [x] , [y] , [key_value] ) VALUES ( 'NCR            ' , 1 , 4 , 33 )
 INSERT [keybd_layout] ( [keybd_class] , [x] , [y] , [key_value] ) VALUES ( 'NCR            ' , 1 , 5 , 34 )
 INSERT [keybd_layout] ( [keybd_class] , [x] , [y] , [key_value] ) VALUES ( 'NCR            ' , 1 , 6 , 36 )
 INSERT [keybd_layout] ( [keybd_class] , [x] , [y] , [key_value] ) VALUES ( 'NCR            ' , 2 , 2 , 65 )
 INSERT [keybd_layout] ( [keybd_class] , [x] , [y] , [key_value] ) VALUES ( 'NCR            ' , 2 , 3 , 71 )
 INSERT [keybd_layout] ( [keybd_class] , [x] , [y] , [key_value] ) VALUES ( 'NCR            ' , 2 , 4 , 76 )
 INSERT [keybd_layout] ( [keybd_class] , [x] , [y] , [key_value] ) VALUES ( 'NCR            ' , 2 , 5 , 81 )
 INSERT [keybd_layout] ( [keybd_class] , [x] , [y] , [key_value] ) VALUES ( 'NCR            ' , 2 , 6 , 86 )
 INSERT [keybd_layout] ( [keybd_class] , [x] , [y] , [key_value] ) VALUES ( 'NCR            ' , 3 , 2 , 66 )
 INSERT [keybd_layout] ( [keybd_class] , [x] , [y] , [key_value] ) VALUES ( 'NCR            ' , 3 , 3 , 72 )
 INSERT [keybd_layout] ( [keybd_class] , [x] , [y] , [key_value] ) VALUES ( 'NCR            ' , 3 , 4 , 77 )
 INSERT [keybd_layout] ( [keybd_class] , [x] , [y] , [key_value] ) VALUES ( 'NCR            ' , 3 , 5 , 82 )
 INSERT [keybd_layout] ( [keybd_class] , [x] , [y] , [key_value] ) VALUES ( 'NCR            ' , 3 , 6 , 87 )
 INSERT [keybd_layout] ( [keybd_class] , [x] , [y] , [key_value] ) VALUES ( 'NCR            ' , 4 , 2 , 67 )
 INSERT [keybd_layout] ( [keybd_class] , [x] , [y] , [key_value] ) VALUES ( 'NCR            ' , 4 , 3 , 73 )
 INSERT [keybd_layout] ( [keybd_class] , [x] , [y] , [key_value] ) VALUES ( 'NCR            ' , 4 , 4 , 78 )
 INSERT [keybd_layout] ( [keybd_class] , [x] , [y] , [key_value] ) VALUES ( 'NCR            ' , 4 , 5 , 83 )
 INSERT [keybd_layout] ( [keybd_class] , [x] , [y] , [key_value] ) VALUES ( 'NCR            ' , 4 , 6 , 88 )
 INSERT [keybd_layout] ( [keybd_class] , [x] , [y] , [key_value] ) VALUES ( 'NCR            ' , 5 , 2 , 68 )
 INSERT [keybd_layout] ( [keybd_class] , [x] , [y] , [key_value] ) VALUES ( 'NCR            ' , 5 , 3 , 55 )
 INSERT [keybd_layout] ( [keybd_class] , [x] , [y] , [key_value] ) VALUES ( 'NCR            ' , 5 , 4 , 52 )
 INSERT [keybd_layout] ( [keybd_class] , [x] , [y] , [key_value] ) VALUES ( 'NCR            ' , 5 , 5 , 49 )
 INSERT [keybd_layout] ( [keybd_class] , [x] , [y] , [key_value] ) VALUES ( 'NCR            ' , 5 , 6 , 48 )
 INSERT [keybd_layout] ( [keybd_class] , [x] , [y] , [key_value] ) VALUES ( 'NCR            ' , 6 , 2 , 69 )
 INSERT [keybd_layout] ( [keybd_class] , [x] , [y] , [key_value] ) VALUES ( 'NCR            ' , 6 , 3 , 56 )
 INSERT [keybd_layout] ( [keybd_class] , [x] , [y] , [key_value] ) VALUES ( 'NCR            ' , 6 , 4 , 53 )
 INSERT [keybd_layout] ( [keybd_class] , [x] , [y] , [key_value] ) VALUES ( 'NCR            ' , 6 , 5 , 50 )
 INSERT [keybd_layout] ( [keybd_class] , [x] , [y] , [key_value] ) VALUES ( 'NCR            ' , 6 , 6 , 93 )
 INSERT [keybd_layout] ( [keybd_class] , [x] , [y] , [key_value] ) VALUES ( 'NCR            ' , 7 , 2 , 70 )
 INSERT [keybd_layout] ( [keybd_class] , [x] , [y] , [key_value] ) VALUES ( 'NCR            ' , 7 , 3 , 57 )
 INSERT [keybd_layout] ( [keybd_class] , [x] , [y] , [key_value] ) VALUES ( 'NCR            ' , 7 , 4 , 54 )
 INSERT [keybd_layout] ( [keybd_class] , [x] , [y] , [key_value] ) VALUES ( 'NCR            ' , 7 , 5 , 51 )
 INSERT [keybd_layout] ( [keybd_class] , [x] , [y] , [key_value] ) VALUES ( 'NCR            ' , 7 , 6 , 46 )
 INSERT [keybd_layout] ( [keybd_class] , [x] , [y] , [key_value] ) VALUES ( 'NCR            ' , 8 , 2 , 85 )
 INSERT [keybd_layout] ( [keybd_class] , [x] , [y] , [key_value] ) VALUES ( 'NCR            ' , 8 , 3 , 74 )
 INSERT [keybd_layout] ( [keybd_class] , [x] , [y] , [key_value] ) VALUES ( 'NCR            ' , 8 , 4 , 79 )
 INSERT [keybd_layout] ( [keybd_class] , [x] , [y] , [key_value] ) VALUES ( 'NCR            ' , 8 , 5 , 13 )
 INSERT [keybd_layout] ( [keybd_class] , [x] , [y] , [key_value] ) VALUES ( 'NCR            ' , 8 , 6 , 13 )
 INSERT [keybd_layout] ( [keybd_class] , [x] , [y] , [key_value] ) VALUES ( 'NCR            ' , 9 , 2 , 111 )
 INSERT [keybd_layout] ( [keybd_class] , [x] , [y] , [key_value] ) VALUES ( 'NCR            ' , 9 , 3 , 8 )
 INSERT [keybd_layout] ( [keybd_class] , [x] , [y] , [key_value] ) VALUES ( 'NCR            ' , 9 , 4 , 32 )
 INSERT [keybd_layout] ( [keybd_class] , [x] , [y] , [key_value] ) VALUES ( 'NCR            ' , 9 , 5 , 13 )
 INSERT [keybd_layout] ( [keybd_class] , [x] , [y] , [key_value] ) VALUES ( 'NCR            ' , 9 , 6 , 13 )
 INSERT [keybd_layout] ( [keybd_class] , [x] , [y] , [key_value] ) VALUES ( 'NCR            ' , 10 , 2 , 106 )
 INSERT [keybd_layout] ( [keybd_class] , [x] , [y] , [key_value] ) VALUES ( 'NCR            ' , 10 , 3 , 90 )
 INSERT [keybd_layout] ( [keybd_class] , [x] , [y] , [key_value] ) VALUES ( 'NCR            ' , 10 , 4 , 112 )
 INSERT [keybd_layout] ( [keybd_class] , [x] , [y] , [key_value] ) VALUES ( 'NCR            ' , 10 , 5 , 84 )
 INSERT [keybd_layout] ( [keybd_class] , [x] , [y] , [key_value] ) VALUES ( 'NCR            ' , 10 , 6 , 89 )
 INSERT [keybd_layout] ( [keybd_class] , [x] , [y] , [key_value] ) VALUES ( 'NCR            ' , 11 , 2 , 109 )
 INSERT [keybd_layout] ( [keybd_class] , [x] , [y] , [key_value] ) VALUES ( 'NCR            ' , 11 , 3 , 107 )
 INSERT [keybd_layout] ( [keybd_class] , [x] , [y] , [key_value] ) VALUES ( 'NCR            ' , 11 , 4 , 113 )
 INSERT [keybd_layout] ( [keybd_class] , [x] , [y] , [key_value] ) VALUES ( 'NCR            ' , 11 , 5 , 75 )
 INSERT [keybd_layout] ( [keybd_class] , [x] , [y] , [key_value] ) VALUES ( 'NCR            ' , 11 , 6 , 37 )
 INSERT [keybd_layout] ( [keybd_class] , [x] , [y] , [key_value] ) VALUES ( 'NCR            ' , 12 , 2 , 114 )
 INSERT [keybd_layout] ( [keybd_class] , [x] , [y] , [key_value] ) VALUES ( 'NCR            ' , 12 , 3 , 116 )
 INSERT [keybd_layout] ( [keybd_class] , [x] , [y] , [key_value] ) VALUES ( 'NCR            ' , 12 , 4 , 118 )
 INSERT [keybd_layout] ( [keybd_class] , [x] , [y] , [key_value] ) VALUES ( 'NCR            ' , 12 , 5 , 38 )
 INSERT [keybd_layout] ( [keybd_class] , [x] , [y] , [key_value] ) VALUES ( 'NCR            ' , 12 , 6 , 40 )
 INSERT [keybd_layout] ( [keybd_class] , [x] , [y] , [key_value] ) VALUES ( 'NCR            ' , 13 , 2 , 115 )
 INSERT [keybd_layout] ( [keybd_class] , [x] , [y] , [key_value] ) VALUES ( 'NCR            ' , 13 , 3 , 117 )
 INSERT [keybd_layout] ( [keybd_class] , [x] , [y] , [key_value] ) VALUES ( 'NCR            ' , 13 , 4 , 119 )
 INSERT [keybd_layout] ( [keybd_class] , [x] , [y] , [key_value] ) VALUES ( 'NCR            ' , 13 , 5 , 121 )
 INSERT [keybd_layout] ( [keybd_class] , [x] , [y] , [key_value] ) VALUES ( 'NCR            ' , 13 , 6 , 39 )
 INSERT [keybd_layout] ( [keybd_class] , [x] , [y] , [key_value] ) VALUES ( 'TA             ' , 1 , 1 , 27 )
 INSERT [keybd_layout] ( [keybd_class] , [x] , [y] , [key_value] ) VALUES ( 'TA             ' , 1 , 2 , 36 )
 INSERT [keybd_layout] ( [keybd_class] , [x] , [y] , [key_value] ) VALUES ( 'TA             ' , 1 , 3 , 37 )
 INSERT [keybd_layout] ( [keybd_class] , [x] , [y] , [key_value] ) VALUES ( 'TA             ' , 1 , 4 , 35 )
 INSERT [keybd_layout] ( [keybd_class] , [x] , [y] , [key_value] ) VALUES ( 'TA             ' , 1 , 5 , 107 )
 INSERT [keybd_layout] ( [keybd_class] , [x] , [y] , [key_value] ) VALUES ( 'TA             ' , 2 , 1 , 112 )
 INSERT [keybd_layout] ( [keybd_class] , [x] , [y] , [key_value] ) VALUES ( 'TA             ' , 2 , 2 , 38 )
 INSERT [keybd_layout] ( [keybd_class] , [x] , [y] , [key_value] ) VALUES ( 'TA             ' , 2 , 3 , 32 )
 INSERT [keybd_layout] ( [keybd_class] , [x] , [y] , [key_value] ) VALUES ( 'TA             ' , 2 , 4 , 40 )
 INSERT [keybd_layout] ( [keybd_class] , [x] , [y] , [key_value] ) VALUES ( 'TA             ' , 2 , 5 , 109 )
 INSERT [keybd_layout] ( [keybd_class] , [x] , [y] , [key_value] ) VALUES ( 'TA             ' , 3 , 1 , 96 )
 INSERT [keybd_layout] ( [keybd_class] , [x] , [y] , [key_value] ) VALUES ( 'TA             ' , 3 , 2 , 33 )
 INSERT [keybd_layout] ( [keybd_class] , [x] , [y] , [key_value] ) VALUES ( 'TA             ' , 3 , 3 , 39 )
 INSERT [keybd_layout] ( [keybd_class] , [x] , [y] , [key_value] ) VALUES ( 'TA             ' , 3 , 4 , 34 )
 INSERT [keybd_layout] ( [keybd_class] , [x] , [y] , [key_value] ) VALUES ( 'TA             ' , 3 , 5 , 96 )
 INSERT [keybd_layout] ( [keybd_class] , [x] , [y] , [key_value] ) VALUES ( 'TA             ' , 4 , 1 , 113 )
 INSERT [keybd_layout] ( [keybd_class] , [x] , [y] , [key_value] ) VALUES ( 'TA             ' , 4 , 2 , 103 )
 INSERT [keybd_layout] ( [keybd_class] , [x] , [y] , [key_value] ) VALUES ( 'TA             ' , 4 , 3 , 100 )
 INSERT [keybd_layout] ( [keybd_class] , [x] , [y] , [key_value] ) VALUES ( 'TA             ' , 4 , 4 , 97 )
 INSERT [keybd_layout] ( [keybd_class] , [x] , [y] , [key_value] ) VALUES ( 'TA             ' , 4 , 5 , 82 )
 INSERT [keybd_layout] ( [keybd_class] , [x] , [y] , [key_value] ) VALUES ( 'TA             ' , 5 , 1 , 114 )
 INSERT [keybd_layout] ( [keybd_class] , [x] , [y] , [key_value] ) VALUES ( 'TA             ' , 5 , 2 , 104 )
 INSERT [keybd_layout] ( [keybd_class] , [x] , [y] , [key_value] ) VALUES ( 'TA             ' , 5 , 3 , 101 )
 INSERT [keybd_layout] ( [keybd_class] , [x] , [y] , [key_value] ) VALUES ( 'TA             ' , 5 , 4 , 98 )
 INSERT [keybd_layout] ( [keybd_class] , [x] , [y] , [key_value] ) VALUES ( 'TA             ' , 5 , 5 , 83 )
 INSERT [keybd_layout] ( [keybd_class] , [x] , [y] , [key_value] ) VALUES ( 'TA             ' , 6 , 1 , 115 )
 INSERT [keybd_layout] ( [keybd_class] , [x] , [y] , [key_value] ) VALUES ( 'TA             ' , 6 , 2 , 105 )
 INSERT [keybd_layout] ( [keybd_class] , [x] , [y] , [key_value] ) VALUES ( 'TA             ' , 6 , 3 , 102 )
 INSERT [keybd_layout] ( [keybd_class] , [x] , [y] , [key_value] ) VALUES ( 'TA             ' , 6 , 4 , 99 )
 INSERT [keybd_layout] ( [keybd_class] , [x] , [y] , [key_value] ) VALUES ( 'TA             ' , 6 , 5 , 110 )
 INSERT [keybd_layout] ( [keybd_class] , [x] , [y] , [key_value] ) VALUES ( 'TA             ' , 7 , 1 , 116 )
 INSERT [keybd_layout] ( [keybd_class] , [x] , [y] , [key_value] ) VALUES ( 'TA             ' , 7 , 2 , 65 )
 INSERT [keybd_layout] ( [keybd_class] , [x] , [y] , [key_value] ) VALUES ( 'TA             ' , 7 , 3 , 71 )
 INSERT [keybd_layout] ( [keybd_class] , [x] , [y] , [key_value] ) VALUES ( 'TA             ' , 7 , 4 , 13 )
 INSERT [keybd_layout] ( [keybd_class] , [x] , [y] , [key_value] ) VALUES ( 'TA             ' , 7 , 5 , 85 )
 INSERT [keybd_layout] ( [keybd_class] , [x] , [y] , [key_value] ) VALUES ( 'TA             ' , 8 , 1 , 117 )
 INSERT [keybd_layout] ( [keybd_class] , [x] , [y] , [key_value] ) VALUES ( 'TA             ' , 8 , 2 , 66 )
 INSERT [keybd_layout] ( [keybd_class] , [x] , [y] , [key_value] ) VALUES ( 'TA             ' , 8 , 3 , 72 )
 INSERT [keybd_layout] ( [keybd_class] , [x] , [y] , [key_value] ) VALUES ( 'TA             ' , 8 , 4 , 77 )
 INSERT [keybd_layout] ( [keybd_class] , [x] , [y] , [key_value] ) VALUES ( 'TA             ' , 8 , 5 , 86 )
 INSERT [keybd_layout] ( [keybd_class] , [x] , [y] , [key_value] ) VALUES ( 'TA             ' , 9 , 1 , 118 )
 INSERT [keybd_layout] ( [keybd_class] , [x] , [y] , [key_value] ) VALUES ( 'TA             ' , 9 , 2 , 67 )
 INSERT [keybd_layout] ( [keybd_class] , [x] , [y] , [key_value] ) VALUES ( 'TA             ' , 9 , 3 , 73 )
 INSERT [keybd_layout] ( [keybd_class] , [x] , [y] , [key_value] ) VALUES ( 'TA             ' , 9 , 4 , 90 )
 INSERT [keybd_layout] ( [keybd_class] , [x] , [y] , [key_value] ) VALUES ( 'TA             ' , 9 , 5 , 87 )
 INSERT [keybd_layout] ( [keybd_class] , [x] , [y] , [key_value] ) VALUES ( 'TA             ' , 10 , 1 , 119 )
 INSERT [keybd_layout] ( [keybd_class] , [x] , [y] , [key_value] ) VALUES ( 'TA             ' , 10 , 2 , 68 )
 INSERT [keybd_layout] ( [keybd_class] , [x] , [y] , [key_value] ) VALUES ( 'TA             ' , 10 , 3 , 74 )
 INSERT [keybd_layout] ( [keybd_class] , [x] , [y] , [key_value] ) VALUES ( 'TA             ' , 10 , 4 , 79 )
 INSERT [keybd_layout] ( [keybd_class] , [x] , [y] , [key_value] ) VALUES ( 'TA             ' , 10 , 5 , 88 )
 INSERT [keybd_layout] ( [keybd_class] , [x] , [y] , [key_value] ) VALUES ( 'TA             ' , 11 , 1 , 120 )
 INSERT [keybd_layout] ( [keybd_class] , [x] , [y] , [key_value] ) VALUES ( 'TA             ' , 11 , 2 , 69 )
 INSERT [keybd_layout] ( [keybd_class] , [x] , [y] , [key_value] ) VALUES ( 'TA             ' , 11 , 3 , 75 )
 INSERT [keybd_layout] ( [keybd_class] , [x] , [y] , [key_value] ) VALUES ( 'TA             ' , 11 , 4 , 80 )
 INSERT [keybd_layout] ( [keybd_class] , [x] , [y] , [key_value] ) VALUES ( 'TA             ' , 11 , 5 , 89 )
 INSERT [keybd_layout] ( [keybd_class] , [x] , [y] , [key_value] ) VALUES ( 'TA             ' , 12 , 1 , 121 )
 INSERT [keybd_layout] ( [keybd_class] , [x] , [y] , [key_value] ) VALUES ( 'TA             ' , 12 , 2 , 70 )
 INSERT [keybd_layout] ( [keybd_class] , [x] , [y] , [key_value] ) VALUES ( 'TA             ' , 12 , 3 , 76 )
 INSERT [keybd_layout] ( [keybd_class] , [x] , [y] , [key_value] ) VALUES ( 'TA             ' , 12 , 4 , 81 )
 INSERT [keybd_layout] ( [keybd_class] , [x] , [y] , [key_value] ) VALUES ( 'TA             ' , 12 , 5 , 78 )
 INSERT [keybd_layout] ( [keybd_class] , [x] , [y] , [key_value] ) VALUES ( 'W84            ' , 1 , 1 , 96 )
 INSERT [keybd_layout] ( [keybd_class] , [x] , [y] , [key_value] ) VALUES ( 'W84            ' , 1 , 2 , 112 )
 INSERT [keybd_layout] ( [keybd_class] , [x] , [y] , [key_value] ) VALUES ( 'W84            ' , 1 , 3 , 27 )
 INSERT [keybd_layout] ( [keybd_class] , [x] , [y] , [key_value] ) VALUES ( 'W84            ' , 1 , 4 , 81 )
 INSERT [keybd_layout] ( [keybd_class] , [x] , [y] , [key_value] ) VALUES ( 'W84            ' , 1 , 5 , 65 )
 INSERT [keybd_layout] ( [keybd_class] , [x] , [y] , [key_value] ) VALUES ( 'W84            ' , 1 , 6 , 66 )
 INSERT [keybd_layout] ( [keybd_class] , [x] , [y] , [key_value] ) VALUES ( 'W84            ' , 1 , 7 , 155 )
 INSERT [keybd_layout] ( [keybd_class] , [x] , [y] , [key_value] ) VALUES ( 'W84            ' , 2 , 1 , 97 )
 INSERT [keybd_layout] ( [keybd_class] , [x] , [y] , [key_value] ) VALUES ( 'W84            ' , 2 , 2 , 113 )
 INSERT [keybd_layout] ( [keybd_class] , [x] , [y] , [key_value] ) VALUES ( 'W84            ' , 2 , 3 , 45 )
 INSERT [keybd_layout] ( [keybd_class] , [x] , [y] , [key_value] ) VALUES ( 'W84            ' , 2 , 4 , 87 )
 INSERT [keybd_layout] ( [keybd_class] , [x] , [y] , [key_value] ) VALUES ( 'W84            ' , 2 , 5 , 83 )
 INSERT [keybd_layout] ( [keybd_class] , [x] , [y] , [key_value] ) VALUES ( 'W84            ' , 2 , 6 , 90 )
 INSERT [keybd_layout] ( [keybd_class] , [x] , [y] , [key_value] ) VALUES ( 'W84            ' , 2 , 7 , 127 )
 INSERT [keybd_layout] ( [keybd_class] , [x] , [y] , [key_value] ) VALUES ( 'W84            ' , 3 , 1 , 98 )
 INSERT [keybd_layout] ( [keybd_class] , [x] , [y] , [key_value] ) VALUES ( 'W84            ' , 3 , 2 , 114 )
 INSERT [keybd_layout] ( [keybd_class] , [x] , [y] , [key_value] ) VALUES ( 'W84            ' , 3 , 3 , 222 )
 INSERT [keybd_layout] ( [keybd_class] , [x] , [y] , [key_value] ) VALUES ( 'W84            ' , 3 , 4 , 69 )
 INSERT [keybd_layout] ( [keybd_class] , [x] , [y] , [key_value] ) VALUES ( 'W84            ' , 3 , 5 , 68 )
 INSERT [keybd_layout] ( [keybd_class] , [x] , [y] , [key_value] ) VALUES ( 'W84            ' , 3 , 6 , 88 )
 INSERT [keybd_layout] ( [keybd_class] , [x] , [y] , [key_value] ) VALUES ( 'W84            ' , 3 , 7 , 46 )
 INSERT [keybd_layout] ( [keybd_class] , [x] , [y] , [key_value] ) VALUES ( 'W84            ' , 4 , 1 , 99 )
 INSERT [keybd_layout] ( [keybd_class] , [x] , [y] , [key_value] ) VALUES ( 'W84            ' , 4 , 2 , 115 )
 INSERT [keybd_layout] ( [keybd_class] , [x] , [y] , [key_value] ) VALUES ( 'W84            ' , 4 , 3 , 192 )
 INSERT [keybd_layout] ( [keybd_class] , [x] , [y] , [key_value] ) VALUES ( 'W84            ' , 4 , 4 , 55 )
 INSERT [keybd_layout] ( [keybd_class] , [x] , [y] , [key_value] ) VALUES ( 'W84            ' , 4 , 5 , 52 )
 INSERT [keybd_layout] ( [keybd_class] , [x] , [y] , [key_value] ) VALUES ( 'W84            ' , 4 , 6 , 49 )
 INSERT [keybd_layout] ( [keybd_class] , [x] , [y] , [key_value] ) VALUES ( 'W84            ' , 4 , 7 , 48 )
 INSERT [keybd_layout] ( [keybd_class] , [x] , [y] , [key_value] ) VALUES ( 'W84            ' , 5 , 1 , 100 )
 INSERT [keybd_layout] ( [keybd_class] , [x] , [y] , [key_value] ) VALUES ( 'W84            ' , 5 , 2 , 116 )
 INSERT [keybd_layout] ( [keybd_class] , [x] , [y] , [key_value] ) VALUES ( 'W84            ' , 5 , 3 , 77 )
 INSERT [keybd_layout] ( [keybd_class] , [x] , [y] , [key_value] ) VALUES ( 'W84            ' , 5 , 4 , 56 )
 INSERT [keybd_layout] ( [keybd_class] , [x] , [y] , [key_value] ) VALUES ( 'W84            ' , 5 , 5 , 53 )
 INSERT [keybd_layout] ( [keybd_class] , [x] , [y] , [key_value] ) VALUES ( 'W84            ' , 5 , 6 , 50 )
 INSERT [keybd_layout] ( [keybd_class] , [x] , [y] , [key_value] ) VALUES ( 'W84            ' , 5 , 7 , 48 )
 INSERT [keybd_layout] ( [keybd_class] , [x] , [y] , [key_value] ) VALUES ( 'W84            ' , 6 , 1 , 101 )
 INSERT [keybd_layout] ( [keybd_class] , [x] , [y] , [key_value] ) VALUES ( 'W84            ' , 6 , 2 , 117 )
 INSERT [keybd_layout] ( [keybd_class] , [x] , [y] , [key_value] ) VALUES ( 'W84            ' , 6 , 3 , 44 )
 INSERT [keybd_layout] ( [keybd_class] , [x] , [y] , [key_value] ) VALUES ( 'W84            ' , 6 , 4 , 57 )
 INSERT [keybd_layout] ( [keybd_class] , [x] , [y] , [key_value] ) VALUES ( 'W84            ' , 6 , 5 , 54 )
 INSERT [keybd_layout] ( [keybd_class] , [x] , [y] , [key_value] ) VALUES ( 'W84            ' , 6 , 6 , 51 )
 INSERT [keybd_layout] ( [keybd_class] , [x] , [y] , [key_value] ) VALUES ( 'W84            ' , 6 , 7 , 254 )
 INSERT [keybd_layout] ( [keybd_class] , [x] , [y] , [key_value] ) VALUES ( 'W84            ' , 7 , 1 , 102 )
 INSERT [keybd_layout] ( [keybd_class] , [x] , [y] , [key_value] ) VALUES ( 'W84            ' , 7 , 2 , 118 )
 INSERT [keybd_layout] ( [keybd_class] , [x] , [y] , [key_value] ) VALUES ( 'W84            ' , 7 , 3 , 78 )
 INSERT [keybd_layout] ( [keybd_class] , [x] , [y] , [key_value] ) VALUES ( 'W84            ' , 7 , 4 , 8 )
 INSERT [keybd_layout] ( [keybd_class] , [x] , [y] , [key_value] ) VALUES ( 'W84            ' , 7 , 5 , 70 )
 INSERT [keybd_layout] ( [keybd_class] , [x] , [y] , [key_value] ) VALUES ( 'W84            ' , 7 , 6 , 13 )
 INSERT [keybd_layout] ( [keybd_class] , [x] , [y] , [key_value] ) VALUES ( 'W84            ' , 7 , 7 , 13 )
 INSERT [keybd_layout] ( [keybd_class] , [x] , [y] , [key_value] ) VALUES ( 'W84            ' , 8 , 1 , 103 )
 INSERT [keybd_layout] ( [keybd_class] , [x] , [y] , [key_value] ) VALUES ( 'W84            ' , 8 , 2 , 119 )
 INSERT [keybd_layout] ( [keybd_class] , [x] , [y] , [key_value] ) VALUES ( 'W84            ' , 8 , 3 , 91 )
 INSERT [keybd_layout] ( [keybd_class] , [x] , [y] , [key_value] ) VALUES ( 'W84            ' , 8 , 4 , 8 )
 INSERT [keybd_layout] ( [keybd_class] , [x] , [y] , [key_value] ) VALUES ( 'W84            ' , 8 , 5 , 70 )
 INSERT [keybd_layout] ( [keybd_class] , [x] , [y] , [key_value] ) VALUES ( 'W84            ' , 8 , 6 , 13 )
 INSERT [keybd_layout] ( [keybd_class] , [x] , [y] , [key_value] ) VALUES ( 'W84            ' , 8 , 7 , 13 )
 INSERT [keybd_layout] ( [keybd_class] , [x] , [y] , [key_value] ) VALUES ( 'W84            ' , 9 , 1 , 104 )
 INSERT [keybd_layout] ( [keybd_class] , [x] , [y] , [key_value] ) VALUES ( 'W84            ' , 9 , 2 , 120 )
 INSERT [keybd_layout] ( [keybd_class] , [x] , [y] , [key_value] ) VALUES ( 'W84            ' , 9 , 3 , 93 )
 INSERT [keybd_layout] ( [keybd_class] , [x] , [y] , [key_value] ) VALUES ( 'W84            ' , 9 , 4 , 217 )
 INSERT [keybd_layout] ( [keybd_class] , [x] , [y] , [key_value] ) VALUES ( 'W84            ' , 9 , 5 , 82 )
 INSERT [keybd_layout] ( [keybd_class] , [x] , [y] , [key_value] ) VALUES ( 'W84            ' , 9 , 6 , 218 )
 INSERT [keybd_layout] ( [keybd_class] , [x] , [y] , [key_value] ) VALUES ( 'W84            ' , 9 , 7 , 67 )
 INSERT [keybd_layout] ( [keybd_class] , [x] , [y] , [key_value] ) VALUES ( 'W84            ' , 10 , 1 , 105 )
 INSERT [keybd_layout] ( [keybd_class] , [x] , [y] , [key_value] ) VALUES ( 'W84            ' , 10 , 2 , 121 )
 INSERT [keybd_layout] ( [keybd_class] , [x] , [y] , [key_value] ) VALUES ( 'W84            ' , 10 , 3 , 73 )
 INSERT [keybd_layout] ( [keybd_class] , [x] , [y] , [key_value] ) VALUES ( 'W84            ' , 10 , 4 , 84 )
 INSERT [keybd_layout] ( [keybd_class] , [x] , [y] , [key_value] ) VALUES ( 'W84            ' , 10 , 5 , 71 )
 INSERT [keybd_layout] ( [keybd_class] , [x] , [y] , [key_value] ) VALUES ( 'W84            ' , 10 , 6 , 75 )
 INSERT [keybd_layout] ( [keybd_class] , [x] , [y] , [key_value] ) VALUES ( 'W84            ' , 10 , 7 , 86 )
 INSERT [keybd_layout] ( [keybd_class] , [x] , [y] , [key_value] ) VALUES ( 'W84            ' , 11 , 1 , 122 )
 INSERT [keybd_layout] ( [keybd_class] , [x] , [y] , [key_value] ) VALUES ( 'W84            ' , 11 , 2 , 36 )
 INSERT [keybd_layout] ( [keybd_class] , [x] , [y] , [key_value] ) VALUES ( 'W84            ' , 11 , 3 , 79 )
 INSERT [keybd_layout] ( [keybd_class] , [x] , [y] , [key_value] ) VALUES ( 'W84            ' , 11 , 4 , 89 )
 INSERT [keybd_layout] ( [keybd_class] , [x] , [y] , [key_value] ) VALUES ( 'W84            ' , 11 , 5 , 72 )
 INSERT [keybd_layout] ( [keybd_class] , [x] , [y] , [key_value] ) VALUES ( 'W84            ' , 11 , 6 , 38 )
 INSERT [keybd_layout] ( [keybd_class] , [x] , [y] , [key_value] ) VALUES ( 'W84            ' , 11 , 7 , 40 )
 INSERT [keybd_layout] ( [keybd_class] , [x] , [y] , [key_value] ) VALUES ( 'W84            ' , 12 , 1 , 123 )
 INSERT [keybd_layout] ( [keybd_class] , [x] , [y] , [key_value] ) VALUES ( 'W84            ' , 12 , 2 , 35 )
 INSERT [keybd_layout] ( [keybd_class] , [x] , [y] , [key_value] ) VALUES ( 'W84            ' , 12 , 3 , 80 )
 INSERT [keybd_layout] ( [keybd_class] , [x] , [y] , [key_value] ) VALUES ( 'W84            ' , 12 , 4 , 85 )
 INSERT [keybd_layout] ( [keybd_class] , [x] , [y] , [key_value] ) VALUES ( 'W84            ' , 12 , 5 , 74 )
 INSERT [keybd_layout] ( [keybd_class] , [x] , [y] , [key_value] ) VALUES ( 'W84            ' , 12 , 6 , 76 )
 INSERT [keybd_layout] ( [keybd_class] , [x] , [y] , [key_value] ) VALUES ( 'W84            ' , 12 , 7 , 39 )
 INSERT [keybd_layout] ( [keybd_class] , [x] , [y] , [key_value] ) VALUES ( 'WIN            ' , 1 , 1 , 27 )
 INSERT [keybd_layout] ( [keybd_class] , [x] , [y] , [key_value] ) VALUES ( 'WIN            ' , 1 , 2 , 81 )
 INSERT [keybd_layout] ( [keybd_class] , [x] , [y] , [key_value] ) VALUES ( 'WIN            ' , 1 , 3 , 65 )
 INSERT [keybd_layout] ( [keybd_class] , [x] , [y] , [key_value] ) VALUES ( 'WIN            ' , 1 , 4 , 66 )
 INSERT [keybd_layout] ( [keybd_class] , [x] , [y] , [key_value] ) VALUES ( 'WIN            ' , 1 , 5 , 112 )
 INSERT [keybd_layout] ( [keybd_class] , [x] , [y] , [key_value] ) VALUES ( 'WIN            ' , 2 , 1 , 109 )
 INSERT [keybd_layout] ( [keybd_class] , [x] , [y] , [key_value] ) VALUES ( 'WIN            ' , 2 , 2 , 87 )
 INSERT [keybd_layout] ( [keybd_class] , [x] , [y] , [key_value] ) VALUES ( 'WIN            ' , 2 , 3 , 83 )
 INSERT [keybd_layout] ( [keybd_class] , [x] , [y] , [key_value] ) VALUES ( 'WIN            ' , 2 , 4 , 90 )
 INSERT [keybd_layout] ( [keybd_class] , [x] , [y] , [key_value] ) VALUES ( 'WIN            ' , 2 , 5 , 113 )
 INSERT [keybd_layout] ( [keybd_class] , [x] , [y] , [key_value] ) VALUES ( 'WIN            ' , 3 , 1 , 222 )
 INSERT [keybd_layout] ( [keybd_class] , [x] , [y] , [key_value] ) VALUES ( 'WIN            ' , 3 , 2 , 69 )
 INSERT [keybd_layout] ( [keybd_class] , [x] , [y] , [key_value] ) VALUES ( 'WIN            ' , 3 , 3 , 68 )
 INSERT [keybd_layout] ( [keybd_class] , [x] , [y] , [key_value] ) VALUES ( 'WIN            ' , 3 , 4 , 88 )
 INSERT [keybd_layout] ( [keybd_class] , [x] , [y] , [key_value] ) VALUES ( 'WIN            ' , 3 , 5 , 46 )
 INSERT [keybd_layout] ( [keybd_class] , [x] , [y] , [key_value] ) VALUES ( 'WIN            ' , 4 , 1 , 192 )
 INSERT [keybd_layout] ( [keybd_class] , [x] , [y] , [key_value] ) VALUES ( 'WIN            ' , 4 , 2 , 55 )
 INSERT [keybd_layout] ( [keybd_class] , [x] , [y] , [key_value] ) VALUES ( 'WIN            ' , 4 , 3 , 52 )
 INSERT [keybd_layout] ( [keybd_class] , [x] , [y] , [key_value] ) VALUES ( 'WIN            ' , 4 , 4 , 49 )
 INSERT [keybd_layout] ( [keybd_class] , [x] , [y] , [key_value] ) VALUES ( 'WIN            ' , 4 , 5 , 48 )
 INSERT [keybd_layout] ( [keybd_class] , [x] , [y] , [key_value] ) VALUES ( 'WIN            ' , 5 , 1 , 77 )
 INSERT [keybd_layout] ( [keybd_class] , [x] , [y] , [key_value] ) VALUES ( 'WIN            ' , 5 , 2 , 56 )
 INSERT [keybd_layout] ( [keybd_class] , [x] , [y] , [key_value] ) VALUES ( 'WIN            ' , 5 , 3 , 53 )
 INSERT [keybd_layout] ( [keybd_class] , [x] , [y] , [key_value] ) VALUES ( 'WIN            ' , 5 , 4 , 50 )
 INSERT [keybd_layout] ( [keybd_class] , [x] , [y] , [key_value] ) VALUES ( 'WIN            ' , 5 , 5 , 48 )
 INSERT [keybd_layout] ( [keybd_class] , [x] , [y] , [key_value] ) VALUES ( 'WIN            ' , 6 , 1 , 44 )
 INSERT [keybd_layout] ( [keybd_class] , [x] , [y] , [key_value] ) VALUES ( 'WIN            ' , 6 , 2 , 57 )
 INSERT [keybd_layout] ( [keybd_class] , [x] , [y] , [key_value] ) VALUES ( 'WIN            ' , 6 , 3 , 54 )
 INSERT [keybd_layout] ( [keybd_class] , [x] , [y] , [key_value] ) VALUES ( 'WIN            ' , 6 , 4 , 51 )
 INSERT [keybd_layout] ( [keybd_class] , [x] , [y] , [key_value] ) VALUES ( 'WIN            ' , 6 , 5 , 254 )
 INSERT [keybd_layout] ( [keybd_class] , [x] , [y] , [key_value] ) VALUES ( 'WIN            ' , 7 , 1 , 78 )
 INSERT [keybd_layout] ( [keybd_class] , [x] , [y] , [key_value] ) VALUES ( 'WIN            ' , 7 , 2 , 8 )
 INSERT [keybd_layout] ( [keybd_class] , [x] , [y] , [key_value] ) VALUES ( 'WIN            ' , 7 , 3 , 70 )
 INSERT [keybd_layout] ( [keybd_class] , [x] , [y] , [key_value] ) VALUES ( 'WIN            ' , 7 , 4 , 13 )
 INSERT [keybd_layout] ( [keybd_class] , [x] , [y] , [key_value] ) VALUES ( 'WIN            ' , 7 , 5 , 13 )
 INSERT [keybd_layout] ( [keybd_class] , [x] , [y] , [key_value] ) VALUES ( 'WIN            ' , 8 , 1 , 91 )
 INSERT [keybd_layout] ( [keybd_class] , [x] , [y] , [key_value] ) VALUES ( 'WIN            ' , 8 , 2 , 8 )
 INSERT [keybd_layout] ( [keybd_class] , [x] , [y] , [key_value] ) VALUES ( 'WIN            ' , 8 , 3 , 70 )
 INSERT [keybd_layout] ( [keybd_class] , [x] , [y] , [key_value] ) VALUES ( 'WIN            ' , 8 , 4 , 13 )
 INSERT [keybd_layout] ( [keybd_class] , [x] , [y] , [key_value] ) VALUES ( 'WIN            ' , 8 , 5 , 13 )
 INSERT [keybd_layout] ( [keybd_class] , [x] , [y] , [key_value] ) VALUES ( 'WIN            ' , 9 , 1 , 93 )
 INSERT [keybd_layout] ( [keybd_class] , [x] , [y] , [key_value] ) VALUES ( 'WIN            ' , 9 , 2 , 217 )
 INSERT [keybd_layout] ( [keybd_class] , [x] , [y] , [key_value] ) VALUES ( 'WIN            ' , 9 , 3 , 82 )
 INSERT [keybd_layout] ( [keybd_class] , [x] , [y] , [key_value] ) VALUES ( 'WIN            ' , 9 , 4 , 218 )
 INSERT [keybd_layout] ( [keybd_class] , [x] , [y] , [key_value] ) VALUES ( 'WIN            ' , 9 , 5 , 67 )
 INSERT [keybd_layout] ( [keybd_class] , [x] , [y] , [key_value] ) VALUES ( 'WIN            ' , 10 , 1 , 73 )
 INSERT [keybd_layout] ( [keybd_class] , [x] , [y] , [key_value] ) VALUES ( 'WIN            ' , 10 , 2 , 84 )
 INSERT [keybd_layout] ( [keybd_class] , [x] , [y] , [key_value] ) VALUES ( 'WIN            ' , 10 , 3 , 71 )
 INSERT [keybd_layout] ( [keybd_class] , [x] , [y] , [key_value] ) VALUES ( 'WIN            ' , 10 , 4 , 75 )
 INSERT [keybd_layout] ( [keybd_class] , [x] , [y] , [key_value] ) VALUES ( 'WIN            ' , 10 , 5 , 86 )
 INSERT [keybd_layout] ( [keybd_class] , [x] , [y] , [key_value] ) VALUES ( 'WIN            ' , 11 , 1 , 79 )
 INSERT [keybd_layout] ( [keybd_class] , [x] , [y] , [key_value] ) VALUES ( 'WIN            ' , 11 , 2 , 89 )
 INSERT [keybd_layout] ( [keybd_class] , [x] , [y] , [key_value] ) VALUES ( 'WIN            ' , 11 , 3 , 72 )
 INSERT [keybd_layout] ( [keybd_class] , [x] , [y] , [key_value] ) VALUES ( 'WIN            ' , 11 , 4 , 38 )
 INSERT [keybd_layout] ( [keybd_class] , [x] , [y] , [key_value] ) VALUES ( 'WIN            ' , 11 , 5 , 40 )
 INSERT [keybd_layout] ( [keybd_class] , [x] , [y] , [key_value] ) VALUES ( 'WIN            ' , 12 , 1 , 80 )
 INSERT [keybd_layout] ( [keybd_class] , [x] , [y] , [key_value] ) VALUES ( 'WIN            ' , 12 , 2 , 85 )
 INSERT [keybd_layout] ( [keybd_class] , [x] , [y] , [key_value] ) VALUES ( 'WIN            ' , 12 , 3 , 74 )
 INSERT [keybd_layout] ( [keybd_class] , [x] , [y] , [key_value] ) VALUES ( 'WIN            ' , 12 , 4 , 76 )
 INSERT [keybd_layout] ( [keybd_class] , [x] , [y] , [key_value] ) VALUES ( 'WIN            ' , 12 , 5 , 39 )

------------------------------------
delete from keybd_lst
 INSERT [keybd_lst] ( [keybd_type] , [keybd_class] , [keybd_desp] , [note] ) VALUES ( '101' , '101' , '                    ' , '                                                                                ' )
 INSERT [keybd_lst] ( [keybd_type] , [keybd_class] , [keybd_desp] , [note] ) VALUES ( '66M' , 'HK ' , '                    ' , '                                                                                ' )
 INSERT [keybd_lst] ( [keybd_type] , [keybd_class] , [keybd_desp] , [note] ) VALUES ( 'B01' , 'WIN' , '                    ' , '                                                                                ' )
 INSERT [keybd_lst] ( [keybd_type] , [keybd_class] , [keybd_desp] , [note] ) VALUES ( 'I95' , 'I95' , '                    ' , '                                                                                ' )
 INSERT [keybd_lst] ( [keybd_type] , [keybd_class] , [keybd_desp] , [note] ) VALUES ( 'IBM' , 'IBM' , '                    ' , '                                                                                ' )
 INSERT [keybd_lst] ( [keybd_type] , [keybd_class] , [keybd_desp] , [note] ) VALUES ( 'NCR' , 'NCR' , '                    ' , '                                                                                ' )
 INSERT [keybd_lst] ( [keybd_type] , [keybd_class] , [keybd_desp] , [note] ) VALUES ( 'RH ' , '102' , '                    ' , '                                                                                ' )
 INSERT [keybd_lst] ( [keybd_type] , [keybd_class] , [keybd_desp] , [note] ) VALUES ( 'T01' , 'TA ' , '                    ' , '                                                                                ' )
 INSERT [keybd_lst] ( [keybd_type] , [keybd_class] , [keybd_desp] , [note] ) VALUES ( 'W84' , 'W84' , '                    ' , '                                                                                ' )

--------------------------------------
delete from keyname
 INSERT [keyname] ( [keyvalue] , [keyname] ) VALUES ( 8 , '回退            ' )
 INSERT [keyname] ( [keyvalue] , [keyname] ) VALUES ( 9 , 'TAB             ' )
 INSERT [keyname] ( [keyvalue] , [keyname] ) VALUES ( 13 , '确认            ' )
 INSERT [keyname] ( [keyvalue] , [keyname] ) VALUES ( 16 , 'Shift           ' )
 INSERT [keyname] ( [keyvalue] , [keyname] ) VALUES ( 17 , 'Ctrl            ' )
 INSERT [keyname] ( [keyvalue] , [keyname] ) VALUES ( 18 , 'Alt             ' )
 INSERT [keyname] ( [keyvalue] , [keyname] ) VALUES ( 20 , 'Caps            ' )
 INSERT [keyname] ( [keyvalue] , [keyname] ) VALUES ( 27 , 'ESC             ' )
 INSERT [keyname] ( [keyvalue] , [keyname] ) VALUES ( 32 , '空格            ' )
 INSERT [keyname] ( [keyvalue] , [keyname] ) VALUES ( 33 , 'PgUp            ' )
 INSERT [keyname] ( [keyvalue] , [keyname] ) VALUES ( 34 , 'PgDn            ' )
 INSERT [keyname] ( [keyvalue] , [keyname] ) VALUES ( 35 , 'End             ' )
 INSERT [keyname] ( [keyvalue] , [keyname] ) VALUES ( 36 , 'Home            ' )
 INSERT [keyname] ( [keyvalue] , [keyname] ) VALUES ( 37 , '←              ' )
 INSERT [keyname] ( [keyvalue] , [keyname] ) VALUES ( 38 , '↑              ' )
 INSERT [keyname] ( [keyvalue] , [keyname] ) VALUES ( 39 , '→              ' )
 INSERT [keyname] ( [keyvalue] , [keyname] ) VALUES ( 40 , '↓              ' )
 INSERT [keyname] ( [keyvalue] , [keyname] ) VALUES ( 41 , ')               ' )
 INSERT [keyname] ( [keyvalue] , [keyname] ) VALUES ( 42 , '*               ' )
 INSERT [keyname] ( [keyvalue] , [keyname] ) VALUES ( 44 , ',               ' )
 INSERT [keyname] ( [keyvalue] , [keyname] ) VALUES ( 45 , '-               ' )
 INSERT [keyname] ( [keyvalue] , [keyname] ) VALUES ( 46 , '.               ' )
 INSERT [keyname] ( [keyvalue] , [keyname] ) VALUES ( 47 , '/               ' )
 INSERT [keyname] ( [keyvalue] , [keyname] ) VALUES ( 48 , '0               ' )
 INSERT [keyname] ( [keyvalue] , [keyname] ) VALUES ( 49 , '1               ' )
 INSERT [keyname] ( [keyvalue] , [keyname] ) VALUES ( 50 , '2               ' )
 INSERT [keyname] ( [keyvalue] , [keyname] ) VALUES ( 51 , '3               ' )
 INSERT [keyname] ( [keyvalue] , [keyname] ) VALUES ( 52 , '4               ' )
 INSERT [keyname] ( [keyvalue] , [keyname] ) VALUES ( 53 , '5               ' )
 INSERT [keyname] ( [keyvalue] , [keyname] ) VALUES ( 54 , '6               ' )
 INSERT [keyname] ( [keyvalue] , [keyname] ) VALUES ( 55 , '7               ' )
 INSERT [keyname] ( [keyvalue] , [keyname] ) VALUES ( 56 , '8               ' )
 INSERT [keyname] ( [keyvalue] , [keyname] ) VALUES ( 57 , '9               ' )
 INSERT [keyname] ( [keyvalue] , [keyname] ) VALUES ( 58 , ':               ' )
 INSERT [keyname] ( [keyvalue] , [keyname] ) VALUES ( 59 , ';               ' )
 INSERT [keyname] ( [keyvalue] , [keyname] ) VALUES ( 60 , '<               ' )
 INSERT [keyname] ( [keyvalue] , [keyname] ) VALUES ( 61 , '=               ' )
 INSERT [keyname] ( [keyvalue] , [keyname] ) VALUES ( 62 , '>               ' )
 INSERT [keyname] ( [keyvalue] , [keyname] ) VALUES ( 63 , '?               ' )
 INSERT [keyname] ( [keyvalue] , [keyname] ) VALUES ( 64 , '@               ' )
 INSERT [keyname] ( [keyvalue] , [keyname] ) VALUES ( 65 , 'A               ' )
 INSERT [keyname] ( [keyvalue] , [keyname] ) VALUES ( 66 , 'B               ' )
 INSERT [keyname] ( [keyvalue] , [keyname] ) VALUES ( 67 , 'C               ' )
 INSERT [keyname] ( [keyvalue] , [keyname] ) VALUES ( 68 , 'D               ' )
 INSERT [keyname] ( [keyvalue] , [keyname] ) VALUES ( 69 , 'E               ' )
 INSERT [keyname] ( [keyvalue] , [keyname] ) VALUES ( 70 , 'F               ' )
 INSERT [keyname] ( [keyvalue] , [keyname] ) VALUES ( 71 , 'G               ' )
 INSERT [keyname] ( [keyvalue] , [keyname] ) VALUES ( 72 , 'H               ' )
 INSERT [keyname] ( [keyvalue] , [keyname] ) VALUES ( 73 , 'I               ' )
 INSERT [keyname] ( [keyvalue] , [keyname] ) VALUES ( 74 , 'J               ' )
 INSERT [keyname] ( [keyvalue] , [keyname] ) VALUES ( 75 , 'K               ' )
 INSERT [keyname] ( [keyvalue] , [keyname] ) VALUES ( 76 , 'L               ' )
 INSERT [keyname] ( [keyvalue] , [keyname] ) VALUES ( 77 , 'M               ' )
 INSERT [keyname] ( [keyvalue] , [keyname] ) VALUES ( 78 , 'N               ' )
 INSERT [keyname] ( [keyvalue] , [keyname] ) VALUES ( 79 , 'O               ' )
 INSERT [keyname] ( [keyvalue] , [keyname] ) VALUES ( 80 , 'P               ' )
 INSERT [keyname] ( [keyvalue] , [keyname] ) VALUES ( 81 , 'Q               ' )
 INSERT [keyname] ( [keyvalue] , [keyname] ) VALUES ( 82 , 'R               ' )
 INSERT [keyname] ( [keyvalue] , [keyname] ) VALUES ( 83 , 'S               ' )
 INSERT [keyname] ( [keyvalue] , [keyname] ) VALUES ( 84 , 'T               ' )
 INSERT [keyname] ( [keyvalue] , [keyname] ) VALUES ( 85 , 'U               ' )
 INSERT [keyname] ( [keyvalue] , [keyname] ) VALUES ( 86 , 'V               ' )
 INSERT [keyname] ( [keyvalue] , [keyname] ) VALUES ( 87 , 'W               ' )
 INSERT [keyname] ( [keyvalue] , [keyname] ) VALUES ( 88 , 'X               ' )
 INSERT [keyname] ( [keyvalue] , [keyname] ) VALUES ( 89 , 'Y               ' )
 INSERT [keyname] ( [keyvalue] , [keyname] ) VALUES ( 90 , 'Z               ' )
 INSERT [keyname] ( [keyvalue] , [keyname] ) VALUES ( 91 , '[               ' )
 INSERT [keyname] ( [keyvalue] , [keyname] ) VALUES ( 92 , '\               ' )
 INSERT [keyname] ( [keyvalue] , [keyname] ) VALUES ( 93 , ']               ' )
 INSERT [keyname] ( [keyvalue] , [keyname] ) VALUES ( 94 , '^               ' )
 INSERT [keyname] ( [keyvalue] , [keyname] ) VALUES ( 95 , '_               ' )
 INSERT [keyname] ( [keyvalue] , [keyname] ) VALUES ( 96 , 'NUM0            ' )
 INSERT [keyname] ( [keyvalue] , [keyname] ) VALUES ( 97 , 'NUM1            ' )
 INSERT [keyname] ( [keyvalue] , [keyname] ) VALUES ( 98 , 'NUM2            ' )
 INSERT [keyname] ( [keyvalue] , [keyname] ) VALUES ( 99 , 'NUM3            ' )
 INSERT [keyname] ( [keyvalue] , [keyname] ) VALUES ( 100 , 'NUM4            ' )
 INSERT [keyname] ( [keyvalue] , [keyname] ) VALUES ( 101 , 'NUM5            ' )
 INSERT [keyname] ( [keyvalue] , [keyname] ) VALUES ( 102 , 'NUM6            ' )
 INSERT [keyname] ( [keyvalue] , [keyname] ) VALUES ( 103 , 'NUM7            ' )
 INSERT [keyname] ( [keyvalue] , [keyname] ) VALUES ( 104 , 'NUM8            ' )
 INSERT [keyname] ( [keyvalue] , [keyname] ) VALUES ( 105 , 'NUM9            ' )
 INSERT [keyname] ( [keyvalue] , [keyname] ) VALUES ( 106 , 'Num*            ' )
 INSERT [keyname] ( [keyvalue] , [keyname] ) VALUES ( 107 , '+               ' )
 INSERT [keyname] ( [keyvalue] , [keyname] ) VALUES ( 109 , 'NumMinus        ' )
 INSERT [keyname] ( [keyvalue] , [keyname] ) VALUES ( 110 , 'PERIOD          ' )
 INSERT [keyname] ( [keyvalue] , [keyname] ) VALUES ( 111 , 'Num/            ' )
 INSERT [keyname] ( [keyvalue] , [keyname] ) VALUES ( 112 , 'F1              ' )
 INSERT [keyname] ( [keyvalue] , [keyname] ) VALUES ( 113 , 'F2              ' )
 INSERT [keyname] ( [keyvalue] , [keyname] ) VALUES ( 114 , 'F3              ' )
 INSERT [keyname] ( [keyvalue] , [keyname] ) VALUES ( 115 , 'F4              ' )
 INSERT [keyname] ( [keyvalue] , [keyname] ) VALUES ( 116 , 'F5              ' )
 INSERT [keyname] ( [keyvalue] , [keyname] ) VALUES ( 117 , 'F6              ' )
 INSERT [keyname] ( [keyvalue] , [keyname] ) VALUES ( 118 , 'F7              ' )
 INSERT [keyname] ( [keyvalue] , [keyname] ) VALUES ( 119 , 'F8              ' )
 INSERT [keyname] ( [keyvalue] , [keyname] ) VALUES ( 120 , 'F9              ' )
 INSERT [keyname] ( [keyvalue] , [keyname] ) VALUES ( 121 , 'F10             ' )
 INSERT [keyname] ( [keyvalue] , [keyname] ) VALUES ( 122 , 'F11             ' )
 INSERT [keyname] ( [keyvalue] , [keyname] ) VALUES ( 123 , 'F12             ' )
 INSERT [keyname] ( [keyvalue] , [keyname] ) VALUES ( 124 , '|               ' )
 INSERT [keyname] ( [keyvalue] , [keyname] ) VALUES ( 125 , '}               ' )
 INSERT [keyname] ( [keyvalue] , [keyname] ) VALUES ( 127 , 'Del             ' )
 INSERT [keyname] ( [keyvalue] , [keyname] ) VALUES ( 155 , 'Ins             ' )
 INSERT [keyname] ( [keyvalue] , [keyname] ) VALUES ( 192 , '`               ' )
 INSERT [keyname] ( [keyvalue] , [keyname] ) VALUES ( 213 , '!               ' )
 INSERT [keyname] ( [keyvalue] , [keyname] ) VALUES ( 214 , '"               ' )
 INSERT [keyname] ( [keyvalue] , [keyname] ) VALUES ( 215 , '#               ' )
 INSERT [keyname] ( [keyvalue] , [keyname] ) VALUES ( 216 , '$               ' )
 INSERT [keyname] ( [keyvalue] , [keyname] ) VALUES ( 217 , '(               ' )
 INSERT [keyname] ( [keyvalue] , [keyname] ) VALUES ( 218 , '%               ' )
 INSERT [keyname] ( [keyvalue] , [keyname] ) VALUES ( 220 , '&               ' )
 INSERT [keyname] ( [keyvalue] , [keyname] ) VALUES ( 221 , '~               ' )
 INSERT [keyname] ( [keyvalue] , [keyname] ) VALUES ( 222 , '''               ' )
 INSERT [keyname] ( [keyvalue] , [keyname] ) VALUES ( 254 , '00              ' )
 INSERT [keyname] ( [keyvalue] , [keyname] ) VALUES ( 255 , 'Fn              ' )





 
